,es_respuesta,fecha,likes,nota_id,respuestas,texto,url,usuario,autor,seccion,titulo,severe_toxicity,toxicity,label
59434,False,15/10/2018 18:45,4,651,1,"Globo, a que hora se vuelve a arrepentir la gorda?, sabes?",https://www.lanacion.com.ar/2181893-el-macrismo-sale-caza-nuevos-militantes-prepara,elcoso,Alan Soria Guadalupe,Pol√≠tica,El macrismo sale a reclutar nuevos militantes y prepara el terreno para la campa√±a,,,0
21291,False,08/10/2018 00:17,,404,0,SERVICIO MILITAR OBLIGATORIO BASTA DE NINIS... INTERVENCI√ìN DE DE LOS SINDICATOS DOCENTES... BASTA DE PRIVILEGIOS PARA MINOR√çAS.. GAYS TORTAS LESBIS Y ABORTERAS... ALDO RICO 2019,https://www.lanacion.com.ar/2179480-elecciones-brasil-bolsonaro-quedo-paso-presidencia-pero,torno10,Alberto Armend√°riz,El Mundo,"Elecciones en Brasil: Bolsonaro obtuvo una contundente victoria, pero deber√° ir al ballottage con Haddad",0.8352564,0.77750224,1
53632,False,08/10/2018 08:16,,404,5,HACE 28 A√ëOS ES DIPUTADO. COMO LA GORDA CARRIO VIVE DEL ESTADO.,https://www.lanacion.com.ar/2179480-elecciones-brasil-bolsonaro-quedo-paso-presidencia-pero,obreroamargo,Alberto Armend√°riz,El Mundo,"Elecciones en Brasil: Bolsonaro obtuvo una contundente victoria, pero deber√° ir al ballottage con Haddad",0.6486711,0.6642257,0
1164,True,08/10/2018 02:01,1,404,4,"Vamos mauricio , empeza a ser mas bolsonaro y menos lilito radicheta , que de x si la gorda te los debe tener x el piso !!!_ajajajaj",https://www.lanacion.com.ar/2179480-elecciones-brasil-bolsonaro-quedo-paso-presidencia-pero,bypizza_0,Alberto Armend√°riz,El Mundo,"Elecciones en Brasil: Bolsonaro obtuvo una contundente victoria, pero deber√° ir al ballottage con Haddad",0.6106236,0.5877627,0
12647,True,08/10/2018 00:14,,404,3,"La gorda amenazando al Sr. Pesidente publicamente?, Que pasa globo?, sabes algo?",https://www.lanacion.com.ar/2179480-elecciones-brasil-bolsonaro-quedo-paso-presidencia-pero,elcoso,Alberto Armend√°riz,El Mundo,"Elecciones en Brasil: Bolsonaro obtuvo una contundente victoria, pero deber√° ir al ballottage con Haddad",0.4693078,0.5609553,0
20968,False,08/10/2018 00:19,,404,7,"Globo, no se si sabes interpretar pero la gorda te esta diciendo que el gato es un gato no confiable.",https://www.lanacion.com.ar/2179480-elecciones-brasil-bolsonaro-quedo-paso-presidencia-pero,elcoso,Alberto Armend√°riz,El Mundo,"Elecciones en Brasil: Bolsonaro obtuvo una contundente victoria, pero deber√° ir al ballottage con Haddad",0.18306857,0.30967584,0
20710,False,14/10/2018 04:12,,609,0,"No lo puedo creer, patas sucias matando patas sucias, una excelente noticia, jajajajajajajajajajaja",https://www.lanacion.com.ar/2181631-tras-perder-el-califato-ei-vuelve-a-las-raices-las-tacticas-de-insurgencia,fjcaldera,Bassem Mroue ,El Mundo,"Tras perder el califato, EI vuelve a las ra√≠ces: las t√°cticas de insurgencia",0.42926833,0.3835852,0
19142,False,11/10/2018 01:01,1,507,0,@amazona Ah porque hab√≠a fotos de Alcides en la radio que estaba con una enana jajaja. Igualmente las mejores fotos son las que est√° de la manito con una gorda te√±ida de rubio jajaja. Mgarlatti las subi√≥. Eran geniales,https://www.lanacion.com.ar/2180482-en-semana-podrian-dejar-funcionar-17-millones,lucasvas,Daniel Gallo,Sociedad,Dentro de una semana podr√≠an dejar de funcionar 17 millones de celulares,,,1
49539,False,15/10/2018 19:45,2,649,0,@Jose_felix Lo va a agarrar la gorda que le rayaron el mondongo en Moreno y lo va a reprender.,https://www.lanacion.com.ar/2181972-busqueda-justicia-reclamo-persiste-11-meses-desaparicion,Trigono,Dar√≠o Palavecino,Pol√≠tica,"""B√∫squeda y Justicia"", el reclamo que persiste a 11 meses de la desaparici√≥n del ARA San Juan",0.7266589,0.63889647,1
17752,False,19/10/2018 11:05,1,722,0,Un cartel en el programa de Tato Bores ten√≠a una frase que era algo parecido a esto: No te quejes del espejo si tienes la cara fea. Nunca olvidar√© a este gran docente de la TV. La frase figuraba como de Gogol.,https://www.lanacion.com.ar/2183107-autocritica-del-empresariado-imagen-piso-si-te,mardogace,Dar√≠o Palavecino,Econom√≠a,"Autocr√≠tica del empresariado, con la imagen por el piso: ""Si te pusieron un 2, ponete a estudiar""",0.56116796,0.6187691,1
23517,True,19/10/2018 21:32,6,765,0,"Fea. Resentida. Loser.



Tomate el palo, neg.ra.xha...",https://www.lanacion.com.ar/2183289-miss-bolivia,rmike,Yamila Trautman,Espect√°culos,"Se qued√≥ sin trabajo, se separ√≥ y se fue de su casa: el cambio de vida de Miss Bolivia",0.8352564,0.904667,1
19638,False,06/10/2018 21:21,,362,0,Las tangueras tiene corte de pelo abortera.. Es un choma... El tango no se mancha... Adefecios. Juaaaa Juaaaa üòÇ,https://www.lanacion.com.ar/2179229-juegos-olimpicos-juventud-ceremonia-inaugural-fotos,torno10,Fernando Vergara,Deportes,Juegos Ol√≠mpicos de la Juventud: as√≠ se vivi√≥ la ceremonia inaugural en pleno centro porte√±o,,,1
21165,False,09/10/2018 18:35,1,475,1,la gorda dijo algo de este tema eh,https://www.lanacion.com.ar/2180053-la-oposicion-convoca-sesion-anular-aumento-gas,nomengrapes70,Gabriel Sued,Pol√≠tica,La oposici√≥n convoca a una sesi√≥n para anular el aumento en el gas,0.18429568,0.27091005,0
26155,True,09/10/2018 17:52,,475,0,"@Bullenbeisser Mayor golpe que el de la gorda no creo que haya: ""elige o cae, tiene dos meses""",https://www.lanacion.com.ar/2180053-la-oposicion-convoca-sesion-anular-aumento-gas,LeonSKennedy,Gabriel Sued,Pol√≠tica,La oposici√≥n convoca a una sesi√≥n para anular el aumento en el gas,0.1942937,0.26166534,0
56270,True,17/10/2018 23:46,,708,0,Seguro la gorda come pizza le gusta,https://www.lanacion.com.ar/2182714-maria-eugenia-vidal-coloquio-idea-el-cambio,ron_1091,Maia Jastreblansky,Pol√≠tica,"Vidal reclam√≥ a los hombres de negocios que no se ubiquen ""del lado de la vereda que es c√≥mplice""",0.6946815,0.77750224,1
26585,False,13/10/2018 01:28,,543,0,"@pigutierrez Si ella quiere. No soy de las de ni una menos ni nada, pero es una chica respetable, como todas. Y como todos los hombres. Por ah√≠ te da ""bocha"", jaja. Saludos.",https://www.lanacion.com.ar/2181268-delfina-pignatiello-delfina-dini-400-metros-juegos,ammoreno,Germ√°n Leza,Deportes,Delfina Pignatiello cosech√≥ otra medalla de plata: fue segunda en los 400 metros libres en los Juegos Ol√≠mpicos de la Juventud,0.16537087,0.1765879,0
56079,True,03/10/2018 23:00,,296,0,Una tilinga impresentable.,https://www.lanacion.com.ar/2178198-mataron-docente,gaspas,Gustavo Carabajal,Sociedad,Conmoci√≥n en Jun√≠n por el crimen de una docente,0.18793912,0.32682252,1
47333,False,27/09/2018 19:35,3,113,1,@BRUCE54 Mbetuska es mas fea que Milagro Sala,https://www.lanacion.com.ar/2176203-se-entrego-comodoro-py-roberto-sosa-otro,solyema,Hern√°n Cappiello,Pol√≠tica,"Los cuadernos de las coimas: se entreg√≥ en Comodoro Py Ricardo Barreiro, el jardinero de los Kirchner",0.42152774,0.77750224,1
26537,False,27/09/2018 16:08,6,113,0,ya se entregan sin que los llamen. Todos con las manos sucias.,https://www.lanacion.com.ar/2176203-se-entrego-comodoro-py-roberto-sosa-otro,samus26,Hern√°n Cappiello,Pol√≠tica,"Los cuadernos de las coimas: se entreg√≥ en Comodoro Py Ricardo Barreiro, el jardinero de los Kirchner",0.20636459,0.23766443,0
7499,False,19/10/2018 18:00,,756,0,"@mbetuska @Sebastian1976 yo te tengo bien ubicada, por eso pongo que sos FEA.",https://www.lanacion.com.ar/2183320-federici-uif-el-pais-estuvo-gobernado-organizacion,solyema,Ignacio Federico,Econom√≠a,"Federici, de la UIF: ""El pa√≠s estuvo gobernado por una organizaci√≥n criminal destinada a lucrar""",0.7466319,0.904667,1
35638,True,19/10/2018 17:35,1,756,3,"Uy, volvi√≥ la FEA al foro!!!!",https://www.lanacion.com.ar/2183320-federici-uif-el-pais-estuvo-gobernado-organizacion,solyema,Ignacio Federico,Econom√≠a,"Federici, de la UIF: ""El pa√≠s estuvo gobernado por una organizaci√≥n criminal destinada a lucrar""",0.60069865,0.84113747,1
403,False,19/10/2018 17:39,,756,2,@solyema Hay tanta fea en el foro que tu post pasa a ser tema de la hermen√©utica.,https://www.lanacion.com.ar/2183320-federici-uif-el-pais-estuvo-gobernado-organizacion,EduardoMain,Ignacio Federico,Econom√≠a,"Federici, de la UIF: ""El pa√≠s estuvo gobernado por una organizaci√≥n criminal destinada a lucrar""",0.61702186,0.77750224,1
26367,True,19/10/2018 17:40,,756,0,@EduardoMain @solyema pero yo conozco a una sola del foro y puedo dar f√© que es FEA en serio,https://www.lanacion.com.ar/2183320-federici-uif-el-pais-estuvo-gobernado-organizacion,solyema,Ignacio Federico,Econom√≠a,"Federici, de la UIF: ""El pa√≠s estuvo gobernado por una organizaci√≥n criminal destinada a lucrar""",0.44471684,0.6619425,1
29107,True,18/10/2018 19:22,,723,2,Otra vez la FEA .....deben pagarle muy bien...,https://www.lanacion.com.ar/2183010-cesar-litvin-reforma-bienes-personales-hay-poquitos,solyema,Ignacio Federico,Econom√≠a,"C√©sar Litvin, sobre la reforma en Bienes Personales: ""Hay poquitos ganadores y muchos perdedores""",0.38413772,0.6313609,1
55081,False,19/10/2018 17:09,3,756,2,@Mrce44 en cualquier momento aparece la FEA,https://www.lanacion.com.ar/2183320-federici-uif-el-pais-estuvo-gobernado-organizacion,solyema,Ignacio Federico,Econom√≠a,"Federici, de la UIF: ""El pa√≠s estuvo gobernado por una organizaci√≥n criminal destinada a lucrar""",0.22697514,0.4251348,1
26884,False,12/10/2018 13:51,,564,0,"Y Lorenzetti le dijo AUDITAME ESSSTA GORDA







Sigue el circo, Los K, la gorda, Mazita, los aumentos que no son aumentos si nos quejamos .....",https://www.lanacion.com.ar/2181147-elisa-carrio-pidio-auditoria-gestion-lorenzetti-corte,artroelsen,Iv√°n Ruiz,Pol√≠tica,Elisa Carri√≥ pidi√≥ una auditor√≠a de la gesti√≥n de Lorenzetti en la Corte,,,1
20360,True,22/10/2018 17:21,1,797,0,te refer√≠s a la TILINGA?,https://www.lanacion.com.ar/2183681-una-socia-viuda-munoz-se-convirtio-primera,Eduardo9,Iv√°n Ruiz,Pol√≠tica,Una socia de la viuda de Mu√±oz se convirti√≥ en la primera mujer detenida por los cuadernos de las coimas,,,1
26184,False,13/10/2018 22:57,,564,0,Le pusieron pan cerca a la Gorda para que hable lo menos posible,https://www.lanacion.com.ar/2181147-elisa-carrio-pidio-auditoria-gestion-lorenzetti-corte,wallys,Iv√°n Ruiz,Pol√≠tica,Elisa Carri√≥ pidi√≥ una auditor√≠a de la gesti√≥n de Lorenzetti en la Corte,0.2199504,0.2547839,0
29888,False,13/10/2018 23:44,1,586,0,@lucasvas @lcow0134 @Naty_Mercurio_XI Yo la vi en internet. Esuna gorda de lentes de sol de 60 a√±os. Hasta el cuil public√≥.,https://www.lanacion.com.ar/2181557-el-gobierno-comenzo-analizar-escenario-2019,Naty_Mercurio_XI,Jaime Rosemberg,Pol√≠tica,El Gobierno ya comenz√≥ a analizar el escenario 2019,0.56395286,0.58719254,1
19155,True,13/10/2018 23:27,2,586,0,@volx @lcow0134 TE GUSTA QUE TE PUERTEEN GORDA,https://www.lanacion.com.ar/2181557-el-gobierno-comenzo-analizar-escenario-2019,lcow0134,Jaime Rosemberg,Pol√≠tica,El Gobierno ya comenz√≥ a analizar el escenario 2019,,,1
622,False,13/10/2018 22:41,1,586,1,Saquen a la gorda,https://www.lanacion.com.ar/2181557-el-gobierno-comenzo-analizar-escenario-2019,elujan11,Jaime Rosemberg,Pol√≠tica,El Gobierno ya comenz√≥ a analizar el escenario 2019,0.46197492,0.58826876,0
45800,False,08/10/2018 14:46,1,445,0,"Gorda todo bien, pero no te pases",https://www.lanacion.com.ar/2179686-el-gobierno-busca-el-equilibrio-entre-defender-a-macri-y-contener-a-carrio-en-cambiemos,enciclopedico,Jaime Rosemberg,Pol√≠tica,El Gobierno busca el equilibrio entre defender a Macri y contener a Carri√≥ en Cambiemos,,,0
50208,True,13/10/2018 23:29,3,586,1,"@volx vos decis, gorda? y contanos a vos quien te paga ...",https://www.lanacion.com.ar/2181557-el-gobierno-comenzo-analizar-escenario-2019,silvia_torno,Jaime Rosemberg,Pol√≠tica,El Gobierno ya comenz√≥ a analizar el escenario 2019,,,0
50987,True,13/10/2018 23:28,,586,4,"La gorda le est√° pegando en la linea de flotaci√≥n de Mauricio, investigar a Angelo Calcaterra es preparar el camino para la futura causa y  carcel de Mauricio... por eso  el paname√±o est√° que trina....",https://www.lanacion.com.ar/2181557-el-gobierno-comenzo-analizar-escenario-2019,mbetuska,Jaime Rosemberg,Pol√≠tica,El Gobierno ya comenz√≥ a analizar el escenario 2019,,,0
53306,True,13/10/2018 23:24,,586,5,"¬øLa gorda presenta el pedido de juicio politico al Ministro, o est√° negociando con Mauricio acciones en Las Cuartetas?",https://www.lanacion.com.ar/2181557-el-gobierno-comenzo-analizar-escenario-2019,mbetuska,Jaime Rosemberg,Pol√≠tica,El Gobierno ya comenz√≥ a analizar el escenario 2019,,,0
57561,True,13/10/2018 23:25,1,586,3,@mbetuska A LA GORDA LA TENEMOS PARA ENCANAR A LOS K.K,https://www.lanacion.com.ar/2181557-el-gobierno-comenzo-analizar-escenario-2019,lcow0134,Jaime Rosemberg,Pol√≠tica,El Gobierno ya comenz√≥ a analizar el escenario 2019,,,0
37088,True,13/10/2018 22:57,3,586,11,Hasta las 11 o 12 de la ma√±a√±a no habr√° movimiento en el foro.. la gorda Mrce 44 se levanta temprano para ir a Moreno al Club del Canje con su pareja el Cacho y vuelve con su 9 o 10 nicks...,https://www.lanacion.com.ar/2181557-el-gobierno-comenzo-analizar-escenario-2019,mbetuska,Jaime Rosemberg,Pol√≠tica,El Gobierno ya comenz√≥ a analizar el escenario 2019,0.6086836,0.51589984,
20717,False,09/10/2018 20:03,2,473,1,"@sf2000 Porque la mitad de los deudos olfate√≥ dinero. Luego que tres potencias -compitiendo- no lo encontraron. Se instalaron en una base naval y empezaron a ""Clamar"". Siempre, exigiendo alternativas caras y rid√≠culas (Hasta llevar a una vidente), dejan",https://www.lanacion.com.ar/2180125-ara-san-juan-sin-nuevos-puntos-investigar,Trigono,Jos√© Mar√≠a Costa,Pol√≠tica,"ARA San Juan: sin nuevos puntos para investigar, buscan al submarino en una zona m√°s profunda",0.42650583,0.3680321,0
29200,False,23/10/2018 17:28,,889,0,"@republicano1810 @mbetuska la FEA no puede contestarte eso, no tiene idea",https://www.lanacion.com.ar/2184466-con-mas-concesiones-al-pj-oficialismo-avanza,solyema,Laura Serra,Pol√≠tica,"Con m√°s concesiones al PJ, el oficialismo avanza con el dictamen de la ley de presupuesto",0.5526185,0.77750224,1
18476,True,02/10/2018 19:32,1,265,0,"tom√° un poco de tu propia medicina, gorda.",https://www.lanacion.com.ar/2177731-carrio-denuncia-proscripcion-porque-peronismo-bloqueo-comision,obreroamargo,Laura Serra,Pol√≠tica,Carri√≥ denuncia proscripci√≥n porque el peronismo la bloque√≥ en una comisi√≥n,0.5161046,0.67429656,1
56113,False,23/10/2018 21:03,,889,2,La FEA est√° con horas extras hoy.....,https://www.lanacion.com.ar/2184466-con-mas-concesiones-al-pj-oficialismo-avanza,solyema,Laura Serra,Pol√≠tica,"Con m√°s concesiones al PJ, el oficialismo avanza con el dictamen de la ley de presupuesto",0.115394145,0.3641869,1
51276,True,02/10/2018 17:57,3,265,4,Gorda Mercenaria.....!!!Por algo te echo Alfonsin.....!!!!! Mejor cuida a tu hijo narco.....!!!! Deci que el dolar sigue a $ 23....!!!! ! Sino no te creia nadie....!!!! ,https://www.lanacion.com.ar/2177731-carrio-denuncia-proscripcion-porque-peronismo-bloqueo-comision,gcano,Laura Serra,Pol√≠tica,Carri√≥ denuncia proscripci√≥n porque el peronismo la bloque√≥ en una comisi√≥n,0.79067075,0.8481672,0
20825,False,02/10/2018 18:12,5,265,3,"Gorda seguis siendo un 1,5%. Sos una eterna perdedora. No serv√≠s para otra que para acusar, sin pruebas por supuesto. ",https://www.lanacion.com.ar/2177731-carrio-denuncia-proscripcion-porque-peronismo-bloqueo-comision,LeonSKennedy,Laura Serra,Pol√≠tica,Carri√≥ denuncia proscripci√≥n porque el peronismo la bloque√≥ en una comisi√≥n,0.7266589,0.77750224,0
20944,False,02/10/2018 18:59,2,265,0,@republicano1810 @elinus2 porque no ? La gorda es una caricatura...,https://www.lanacion.com.ar/2177731-carrio-denuncia-proscripcion-porque-peronismo-bloqueo-comision,rvnandin,Laura Serra,Pol√≠tica,Carri√≥ denuncia proscripci√≥n porque el peronismo la bloque√≥ en una comisi√≥n,0.7266589,0.77750224,0
20818,False,02/10/2018 18:04,2,265,0,@Saccardi PORQUE EL DEDO DE LA GORDA LES ENTRA COMO UN SUPOSITORIO DE PAPEL DE LIJA,https://www.lanacion.com.ar/2177731-carrio-denuncia-proscripcion-porque-peronismo-bloqueo-comision,nicolascapaccio,Laura Serra,Pol√≠tica,Carri√≥ denuncia proscripci√≥n porque el peronismo la bloque√≥ en una comisi√≥n,0.70409995,0.68848574,0
18839,False,02/10/2018 18:58,2,265,3,@republicano1810 y otros tantos millones ya estamos podridos de la gorda !,https://www.lanacion.com.ar/2177731-carrio-denuncia-proscripcion-porque-peronismo-bloqueo-comision,rvnandin,Laura Serra,Pol√≠tica,Carri√≥ denuncia proscripci√≥n porque el peronismo la bloque√≥ en una comisi√≥n,0.56116796,0.65022653,0
23433,False,02/10/2018 20:09,4,265,2,Somos de cart√≥n... Resulta que la gorda empastillada es la salvadora de la Rep√∫blica de Macrilandia... Mam√°aaa,https://www.lanacion.com.ar/2177731-carrio-denuncia-proscripcion-porque-peronismo-bloqueo-comision,QuiqueLaNacion,Laura Serra,Pol√≠tica,Carri√≥ denuncia proscripci√≥n porque el peronismo la bloque√≥ en una comisi√≥n,0.44603384,0.5449558,
26241,False,02/10/2018 20:51,5,249,4,"Las mujeres cada vez m√°s maleducadas, violentas y locas. Nada les viene bien.",https://www.lanacion.com.ar/2177764-tener-hijos-hacer-carrera-dicotomia-no-deberia,gperez43,Sof√≠a Terrile,Econom√≠a,"Tener hijos o hacer carrera, la dicotom√≠a que no deber√≠a existir m√°s para las mujeres",0.8825915,0.77750224,1
52228,True,14/10/2018 19:04,4,626,1,"@anaesnaola ¬øY si hubiera sido travesti habr√≠as dicho travesticidio?  Cu√°nto tiempo perdido en la facultad de Derecho para tener que soportar ahora todas estas teor√≠as rid√≠culas. Tal vez,  si yo muero violentamente alg√∫n modernoso jur√≠dico dir√°  q",https://www.lanacion.com.ar/2181722-ullifemicidio-cordoba-asesino-su-esposa-convivio-cadaver,pikybayres,Gabriela Origlia ,Sociedad,Femicidio en C√≥rdoba: asesin√≥ a su esposa y convivi√≥ tres d√≠as con el cad√°ver,0.8439916,0.7636647,1
20739,False,15/10/2018 02:15,3,602,0,@amazona2 A cu√°l quier dama hecha y derecha le gustan esas cosas....no como las feministas esas locas.....,https://www.lanacion.com.ar/2181771-arba-intimara-mas-350-countries-regularicen-pago,tmcdonnell,Sof√≠a Diamante,Econom√≠a,ARBA intimar√° a m√°s de 350 countries para que regularicen el pago de sus impuestos,0.7266589,0.7367093,1
29016,False,02/10/2018 20:49,3,249,1,"@jpoggio6 Las mujeres nos detestan sin raz√≥n alguna, la verdad que son ellas las que est√°n cada vez m√°s maleducadas, violentas y locas.",https://www.lanacion.com.ar/2177764-tener-hijos-hacer-carrera-dicotomia-no-deberia,gperez43,Sof√≠a Terrile,Econom√≠a,"Tener hijos o hacer carrera, la dicotom√≠a que no deber√≠a existir m√°s para las mujeres",0.8268554,0.68848574,1
56115,True,03/10/2018 00:31,,249,0,"@gperez43 t√≠pico comentario machista,  ¬øqu√© te viene bien a vos?  contanos para enterarnos.  ¬øtu mam√° y tus hermanas fueron as√≠, violentas, locas , insatisfechas?  no  generalices por tu triste y corta experiencia,  la m√≠a con los hombres,  mi padr",https://www.lanacion.com.ar/2177764-tener-hijos-hacer-carrera-dicotomia-no-deberia,luisa22,Sof√≠a Terrile,Econom√≠a,"Tener hijos o hacer carrera, la dicotom√≠a que no deber√≠a existir m√°s para las mujeres",0.6108853,0.50066394,1
2807,False,22/10/2018 23:05,,860,2,"estan como locas las trolls de pe√±a jajaja







usen mas mayusculas porque no juntan ni medio voto ",https://www.lanacion.com.ar/2184213-en-vaticano-prefirieron-silencio-pero-admiten-papa,volx,Elisabetta Piqu√©,Pol√≠tica,"En el Vaticano prefirieron el silencio pero admiten que el Papa est√° ""informado""",,,1
24881,False,19/10/2018 21:27,5,763,0,las femi bolches y su caza de brujas.,https://www.lanacion.com.ar/2183391-tras-diez-meses-fuera-del-aire-denuncias,Lavite,Pablo Montagna,Espect√°culos,"Tras diez meses fuera del aire por las denuncias de acoso, Ari Paluch vuelve a El Exprimidor",0.6943849,0.56382483,1
62672,False,16/10/2018 20:34,2,679,0,"Esto es parte de lo que la gorda infame hab√≠a pronosticado cuando dijo que nos iban a ‚Äúhacer parir otra vez la Rep√∫blica‚Äù



vamos por la etapa de las invasiones inglesas..",https://www.lanacion.com.ar/2182289-michetti-pena-cerraron-investigacion-administrativa-caso-del,basta_de_bananas,Maia Jastreblansky,Pol√≠tica,Michetti y Pe√±a cerraron la investigaci√≥n administrativa sobre el Correo Argentino,,,0
41163,False,24/09/2018 22:52,1,21,1,kavenaghi vos tenes menos ideas que la gorda carrio de nitricion,https://www.lanacion.com.ar/2175272-mauricio-macri-lagarde-cena-gala-wall-street,lsalas22,Rafael Mathus Ruiz,Pol√≠tica,Mauricio Macri salud√≥ a Trump y cen√≥ junto Lagarde en su gran agasajo en Wall Street,0.7266589,0.86867005,1
20382,True,15/10/2018 21:05,1,650,2,Payaso populista. Sino fuera por el fmi el dolar estaria en $200 y la inflaci√≥n en tres d√≠gitos adem√°s de que estar√≠amos en default. Preocupate por que el estado tenga superavit sino lo queres al fondo. Encima tengo la fea sensaci√≥n que este tipo algun d√≠a va a ser presidente,https://www.lanacion.com.ar/2181926-sergio-massa-washington-entre-fondo-argentinos-elijo,pandemia1000,Rafael Mathus Ruiz,Pol√≠tica,"Sergio Massa en Washington: ""Entre el Fondo y los argentinos, elijo a los argentinos""",0.6945503,0.68848574,0
620,False,25/09/2018 09:04,3,21,3,"@VonHayek  Che Von, d√©jate de hacer apreciaciones rid√≠culas. Para USA y la Uni√≥n Europea, Argentina es un socio estrat√©gico vital, liderando liberalmente la geopol√≠tica de una regi√≥n populista (salvo peque√±as excepciones) donde los c√°nceres de Ven",https://www.lanacion.com.ar/2175272-mauricio-macri-lagarde-cena-gala-wall-street,gmdominguez01,Rafael Mathus Ruiz,Pol√≠tica,Mauricio Macri salud√≥ a Trump y cen√≥ junto Lagarde en su gran agasajo en Wall Street,0.7266589,0.6366232,0
20733,False,25/09/2018 10:29,1,21,2,"Parece George Bush, que no paraba de tirar frases rid√≠culas.",https://www.lanacion.com.ar/2175272-mauricio-macri-lagarde-cena-gala-wall-street,tuvi7868,Rafael Mathus Ruiz,Pol√≠tica,Mauricio Macri salud√≥ a Trump y cen√≥ junto Lagarde en su gran agasajo en Wall Street,0.26668105,0.32094315,0
28950,False,25/09/2018 06:48,5,21,9,"Sres Foristas:  N√©stor kirchner tom√≥ plata prestada de Venezuela A MAYOR INTER√âS y le pag√≥ al FMI, PARA SACARSE DE ENCIMA LAS AUDITOR√çAS Y HACER CON NUESTRO DINERO LO QUE SE LE ANTOJARA. Nos la vendi√≥ como que est√°bamos ‚Äúdesendeud√°ndonos‚Äù.Y fue otra de sus mentiras.  De esta manera dilapid√≥ nuestro dinero en la industria de los derechos humanos con suculentas indemnizaciones, estatizaciones rid√≠culas para adjudicar contratos a sus testaferros (AYSA) y cuanta aventura econ√≥mica se le ocurri√≥ (REPSOL-YPF). ",https://www.lanacion.com.ar/2175272-mauricio-macri-lagarde-cena-gala-wall-street,sacapunta,Rafael Mathus Ruiz,Pol√≠tica,Mauricio Macri salud√≥ a Trump y cen√≥ junto Lagarde en su gran agasajo en Wall Street,,,0
29257,False,25/09/2018 06:48,5,21,9,"Sres Foristas:  N√©stor kirchner tom√≥ plata prestada de Venezuela A MAYOR INTER√âS y le pag√≥ al FMI, PARA SACARSE DE ENCIMA LAS AUDITOR√çAS Y HACER CON NUESTRO DINERO LO QUE SE LE ANTOJARA. Nos la vendi√≥ como que est√°bamos ‚Äúdesendeud√°ndonos‚Äù.Y fue otra de sus mentiras.  De esta manera dilapid√≥ nuestro dinero en la industria de los derechos humanos con suculentas indemnizaciones, estatizaciones rid√≠culas para adjudicar contratos a sus testaferros (AYSA) y cuanta aventura econ√≥mica se le ocurri√≥ (REPSOL-YPF). ",https://www.lanacion.com.ar/2175272-mauricio-macri-lagarde-cena-gala-wall-street,sacapunta,Rafael Mathus Ruiz,Pol√≠tica,Mauricio Macri salud√≥ a Trump y cen√≥ junto Lagarde en su gran agasajo en Wall Street,,,0
29360,False,25/09/2018 06:48,5,21,9,"Sres Foristas:  N√©stor kirchner tom√≥ plata prestada de Venezuela A MAYOR INTER√âS y le pag√≥ al FMI, PARA SACARSE DE ENCIMA LAS AUDITOR√çAS Y HACER CON NUESTRO DINERO LO QUE SE LE ANTOJARA. Nos la vendi√≥ como que est√°bamos ‚Äúdesendeud√°ndonos‚Äù.Y fue otra de sus mentiras.  De esta manera dilapid√≥ nuestro dinero en la industria de los derechos humanos con suculentas indemnizaciones, estatizaciones rid√≠culas para adjudicar contratos a sus testaferros (AYSA) y cuanta aventura econ√≥mica se le ocurri√≥ (REPSOL-YPF). ",https://www.lanacion.com.ar/2175272-mauricio-macri-lagarde-cena-gala-wall-street,sacapunta,Rafael Mathus Ruiz,Pol√≠tica,Mauricio Macri salud√≥ a Trump y cen√≥ junto Lagarde en su gran agasajo en Wall Street,,,0
29420,True,25/09/2018 00:28,,21,0,@nigromantevader @mbetuska pareces la gorda Carrio....,https://www.lanacion.com.ar/2175272-mauricio-macri-lagarde-cena-gala-wall-street,mbetuska,Rafael Mathus Ruiz,Pol√≠tica,Mauricio Macri salud√≥ a Trump y cen√≥ junto Lagarde en su gran agasajo en Wall Street,,,0
29440,False,25/09/2018 00:30,,21,0,"@mbetuska @nigromantevader la gorda Carrio es una retr√≥grada que solo sirve para Ministro de justicia o fiscal general, porque de econom√≠a lo √∫nico que entiende es que la tierra es importante cuando el principal ingreso en el mundo comercial son los se",https://www.lanacion.com.ar/2175272-mauricio-macri-lagarde-cena-gala-wall-street,nigromantevader,Rafael Mathus Ruiz,Pol√≠tica,Mauricio Macri salud√≥ a Trump y cen√≥ junto Lagarde en su gran agasajo en Wall Street,,,0
59350,True,15/10/2018 21:44,4,650,0,"Sres Foristas:  N√©stor kirchner tom√≥ plata prestada de Venezuela A MAYOR INTER√âS y le pag√≥ al FMI, PARA SACARSE DE ENCIMA LAS AUDITOR√çAS Y HACER CON NUESTRO DINERO LO QUE SE LE ANTOJARA. Nos la vendi√≥ como que est√°bamos ‚Äúdesendeud√°ndonos‚Äù.Y fue otra de sus mentiras.  De esta manera dilapid√≥ nuestro dinero en la industria de los derechos humanos con suculentas indemnizaciones, estatizaciones rid√≠culas para adjudicar contratos a sus testaferros (AYSA) y cuanta aventura econ√≥mica se le ocurri√≥ (REPSOL-YPF). ",https://www.lanacion.com.ar/2181926-sergio-massa-washington-entre-fondo-argentinos-elijo,sacapunta,Rafael Mathus Ruiz,Pol√≠tica,"Sergio Massa en Washington: ""Entre el Fondo y los argentinos, elijo a los argentinos""",,,0
59432,False,15/10/2018 21:44,4,650,0,"Sres Foristas:  N√©stor kirchner tom√≥ plata prestada de Venezuela A MAYOR INTER√âS y le pag√≥ al FMI, PARA SACARSE DE ENCIMA LAS AUDITOR√çAS Y HACER CON NUESTRO DINERO LO QUE SE LE ANTOJARA. Nos la vendi√≥ como que est√°bamos ‚Äúdesendeud√°ndonos‚Äù.Y fue otra de sus mentiras.  De esta manera dilapid√≥ nuestro dinero en la industria de los derechos humanos con suculentas indemnizaciones, estatizaciones rid√≠culas para adjudicar contratos a sus testaferros (AYSA) y cuanta aventura econ√≥mica se le ocurri√≥ (REPSOL-YPF). ",https://www.lanacion.com.ar/2181926-sergio-massa-washington-entre-fondo-argentinos-elijo,sacapunta,Rafael Mathus Ruiz,Pol√≠tica,"Sergio Massa en Washington: ""Entre el Fondo y los argentinos, elijo a los argentinos""",,,0
59433,False,15/10/2018 21:44,4,650,0,"Sres Foristas:  N√©stor kirchner tom√≥ plata prestada de Venezuela A MAYOR INTER√âS y le pag√≥ al FMI, PARA SACARSE DE ENCIMA LAS AUDITOR√çAS Y HACER CON NUESTRO DINERO LO QUE SE LE ANTOJARA. Nos la vendi√≥ como que est√°bamos ‚Äúdesendeud√°ndonos‚Äù.Y fue otra de sus mentiras.  De esta manera dilapid√≥ nuestro dinero en la industria de los derechos humanos con suculentas indemnizaciones, estatizaciones rid√≠culas para adjudicar contratos a sus testaferros (AYSA) y cuanta aventura econ√≥mica se le ocurri√≥ (REPSOL-YPF). ",https://www.lanacion.com.ar/2181926-sergio-massa-washington-entre-fondo-argentinos-elijo,sacapunta,Rafael Mathus Ruiz,Pol√≠tica,"Sergio Massa en Washington: ""Entre el Fondo y los argentinos, elijo a los argentinos""",,,0
2670,False,03/10/2018 21:50,1,291,0,"@lcow0134 @solyema esta es fea que duele, pobre. ",https://www.lanacion.com.ar/2178192-el-gobierno-sumo-apoyo-dos-gobernadores-mas,solyema,Santiago Dapelo,Pol√≠tica,El Gobierno sum√≥ el apoyo de dos gobernadores m√°s para el presupuesto,0.67169994,0.86867005,1
7289,False,03/10/2018 21:54,2,291,0,@lcow0134 la gorda Alcides,https://www.lanacion.com.ar/2178192-el-gobierno-sumo-apoyo-dos-gobernadores-mas,solyema,Santiago Dapelo,Pol√≠tica,El Gobierno sum√≥ el apoyo de dos gobernadores m√°s para el presupuesto,0.74829614,0.86867005,1
26034,True,03/10/2018 21:43,1,291,0,@solyema @Lam0scahumana En referencia a la gorda Alcides?,https://www.lanacion.com.ar/2178192-el-gobierno-sumo-apoyo-dos-gobernadores-mas,Lam0scahumana,Santiago Dapelo,Pol√≠tica,El Gobierno sum√≥ el apoyo de dos gobernadores m√°s para el presupuesto,0.7266589,0.8023977,1
64895,False,03/10/2018 21:35,4,291,3,Volvi√≥ la FEA al foro.,https://www.lanacion.com.ar/2178192-el-gobierno-sumo-apoyo-dos-gobernadores-mas,solyema,Santiago Dapelo,Pol√≠tica,El Gobierno sum√≥ el apoyo de dos gobernadores m√°s para el presupuesto,0.4859561,0.77750224,1
19805,True,03/10/2018 21:57,2,291,1,"@Lam0scahumana La FEA parece se fue, pobre, me di√≥ pena",https://www.lanacion.com.ar/2178192-el-gobierno-sumo-apoyo-dos-gobernadores-mas,solyema,Santiago Dapelo,Pol√≠tica,El Gobierno sum√≥ el apoyo de dos gobernadores m√°s para el presupuesto,0.3846011,0.76399374,1
19052,False,03/10/2018 21:42,2,291,2,@Lam0scahumana ac√° nos estamos divirtiendo con la FEA,https://www.lanacion.com.ar/2178192-el-gobierno-sumo-apoyo-dos-gobernadores-mas,solyema,Santiago Dapelo,Pol√≠tica,El Gobierno sum√≥ el apoyo de dos gobernadores m√°s para el presupuesto,0.31599966,0.58719254,1
29696,False,05/10/2018 10:25,2,326,0,"Esperar es un buen modo de que no pueda hacerse la v√≠ctima y no diga que es una perseguida pol√≠tica, porque la tilinga ex okupa de la rosada, adem√°s de no tener moral, tampoco tiene verguenza.  es la mit√≥mana perfecta la estafadora repugnante.",https://www.lanacion.com.ar/2178599-garavano-tormenta-macri-rechazo-su-renuncia-le,hartosaturado,Santiago Dapelo,Sociedad,"Las 24 horas de v√©rtigo de Garavano, de la renuncia al respaldo de Macri",,,1
19157,False,05/10/2018 02:31,,326,0,"@Argentinaseraluz @bypizza_0 @calistaflo De los narcos que se ocupe pato Bullrich que bastante bien hace su trabajo (la mejor de los ministra/os de macri, la gorda cada vez que habla se arma quilomboooo !!!_",https://www.lanacion.com.ar/2178599-garavano-tormenta-macri-rechazo-su-renuncia-le,bypizza_0,Santiago Dapelo,Sociedad,"Las 24 horas de v√©rtigo de Garavano, de la renuncia al respaldo de Macri",0.7266589,0.77750224,0
1372,False,05/10/2018 02:24,1,326,0,"@Argentinaseraluz @bypizza_0 @calistaflo  La gorda es inestable, No tiene ni control sobre su cerebro..habla , habla y la empeora !!!_ El dolar se va a quedar en 23 , la crisis me genera adrenalina !!_etc etc ajajaj",https://www.lanacion.com.ar/2178599-garavano-tormenta-macri-rechazo-su-renuncia-le,bypizza_0,Santiago Dapelo,Sociedad,"Las 24 horas de v√©rtigo de Garavano, de la renuncia al respaldo de Macri",0.68150157,0.68848574,0
1163,True,04/10/2018 01:35,1,291,0,"@jbritos6 @bypizza_0 Hoy contra garavano, ma√±ama se levanta Cursi y se la agarra con macri y se las toma !!!_la gorda es un arma de doble filo, Muchos se olvidan de lo que decia de macri hace unos a√±os_ Muchos parecen o hacen que se olvidaron !!!_",https://www.lanacion.com.ar/2178192-el-gobierno-sumo-apoyo-dos-gobernadores-mas,bypizza_0,Santiago Dapelo,Pol√≠tica,El Gobierno sum√≥ el apoyo de dos gobernadores m√°s para el presupuesto,0.674082,0.58800095,0
2902,True,04/10/2018 02:36,1,291,0,@Argentinaseraluz @bypizza_0 @ccmaxima  Te acordas cuando la gorda decia que su limite era macri y tantas cosas mas ??_ Es inestable se levanta cursi y se la agarra con mauricio.,https://www.lanacion.com.ar/2178192-el-gobierno-sumo-apoyo-dos-gobernadores-mas,bypizza_0,Santiago Dapelo,Pol√≠tica,El Gobierno sum√≥ el apoyo de dos gobernadores m√°s para el presupuesto,0.6524834,0.58772707,0
20682,False,04/10/2018 02:38,1,291,0,@Argentinaseraluz @bypizza_0 @ccmaxima  Para llevar calma esta el presidente y las autoridades correspondientes_ Calma de que puede llevar la gorda ??_,https://www.lanacion.com.ar/2178192-el-gobierno-sumo-apoyo-dos-gobernadores-mas,bypizza_0,Santiago Dapelo,Pol√≠tica,El Gobierno sum√≥ el apoyo de dos gobernadores m√°s para el presupuesto,0.35911393,0.4251348,0
29799,False,03/10/2018 20:10,7,294,0,Lo que est√° clar√≠simo es que los laboratorios nos garchiaban a todos los ciudadanos estafando al estado y enriqueciendo al pol√≠tico de turno a trav√©s del PAMI. Y ahora que tienen que producir a costos competitivos y sin curro est√°n como locas ...,https://www.lanacion.com.ar/2178122-pami-se-agudiza-pulseada-laboratorios-compra-medicamentos,Bullenbeisser,Santiago Dapelo,Pol√≠tica,PAMI: se agudiza la pulseada con los laboratorios por la compra de medicamentos,,,0
14349,False,18/10/2018 11:14,1,708,0,un poco tilinga,https://www.lanacion.com.ar/2182714-maria-eugenia-vidal-coloquio-idea-el-cambio,anaesnaola,Maia Jastreblansky,Pol√≠tica,"Vidal reclam√≥ a los hombres de negocios que no se ubiquen ""del lado de la vereda que es c√≥mplice""",,,0
42967,True,02/10/2018 21:23,5,247,0,"LNOL y su OPERACI√ìN DE PRENSA DIARIA A FAVOR DE GAYS, LESBIANAS Y ABORTERAS.



¬ø Qui√©n es este RARI #,,, TO ?",https://www.lanacion.com.ar/2177787-ivan-jablonka-la-violencia-machista-va-terminar,BorgesAlvarez,Mar√≠a Ayzaguer,Econom√≠a,"Ivan Jablonka: ""La violencia machista va a terminar cuando los hombres se hagan feministas""",,,1
14429,False,25/09/2018 01:23,6,30,0,que fea que es la envidia,https://www.lanacion.com.ar/2175221-a-89-anos-prestigioso-matematico-asegura-haber,javier104,Nora B√§r,Sociedad,"A los 89 a√±os, un prestigioso matem√°tico asegura haber demostrado un problema centenario, pero muchos dudan",,,0
22100,True,25/09/2018 11:54,1,30,0,"@calzola @Santiago_Chile ?Tienen alguno como Panzone, ganador de la medalla Fields, de Bah√≠a Blanca? Que fea es la envidia.",https://www.lanacion.com.ar/2175221-a-89-anos-prestigioso-matematico-asegura-haber,Trincherio,Nora B√§r,Sociedad,"A los 89 a√±os, un prestigioso matem√°tico asegura haber demostrado un problema centenario, pero muchos dudan",,,0
22133,True,18/10/2018 18:06,2,740,0,"@yngwie @amazona2 @Sebastian1976 cuando tenga la edad de Lilita, voy a ser gorda como ella o mas. Me voy a comer el mundo. Una chanchita",https://www.lanacion.com.ar/2182927-se-complica-situacion-judicial-viuda-munoz-exsecretario,amazona2,Paz Rodr√≠guez Niell,Pol√≠tica,"Se complica la situaci√≥n judicial de la viuda de Mu√±oz, el exsecretario de Kirchner",,,0
27866,False,15/10/2018 00:56,3,602,0,@mrce3615 @lcow0134 @nesfer24 @amazona2 @fedeacade UNA GORDA RUBIA,https://www.lanacion.com.ar/2181771-arba-intimara-mas-350-countries-regularicen-pago,lcow0134,Sof√≠a Diamante,Econom√≠a,ARBA intimar√° a m√°s de 350 countries para que regularicen el pago de sus impuestos,,,1
28224,False,03/10/2018 18:38,8,280,0,Se la pasando vendiendo feminazismo los medios que nos vendieron a los pol√≠ticos ladrones que tuvimos y tenemos. Basta de escuchar y votar lo que nos dicen estas ratas,https://www.lanacion.com.ar/2178060-yacon-quecha-potatoes-historia-magui-choque-vilca,gperez43,Sof√≠a Terrile,Econom√≠a,"Yac√≥n y ""quecha potatoes"": la historia de Magui Choque Vilca, la reina de los papines andinos",,,1
39876,True,19/10/2018 19:18,1,760,1,"@Peter_Griffin ...grande, fea y cara",https://www.lanacion.com.ar/2183345-india-erige-estatua-mas-alta-del-mundo,Ingenieril,,El Mundo,India erige la estatua m√°s alta del mundo: mide 182 metros y cost√≥ 400 millones de d√≥lares,0.7063134,0.87302434,1
328,False,03/10/2018 20:54,2,292,0,LA GORDA ES MAS DESABRIDA QUE CUCHARADA DE MOCO !!! ,https://www.lanacion.com.ar/2178184-una-diputada-llamo-gato-mauricio-macri-jerry,PACO2016,,Pol√≠tica,"Una diputada llam√≥ ""gato"" a Mauricio Macri y ""Jerry"" a Marcos Pe√±a durante el informe de gesti√≥n",0.7682623,0.86867005,1
39307,False,24/09/2018 23:42,,25,0,Che gorda...vos su sos plotuda,https://www.lanacion.com.ar/2175245-atacan-bombas-molotov-sede-gendarmeria-nacional-san,NOSFERAUTE2012,,Pol√≠tica,Atacan con bombas molotov una sede de Gendarmer√≠a Nacional en Monserrat,0.69938976,0.8481672,1
35303,False,03/10/2018 20:16,5,292,0,Que no se queje si le dicen gorda chancha,https://www.lanacion.com.ar/2178184-una-diputada-llamo-gato-mauricio-macri-jerry,paul59,,Pol√≠tica,"Una diputada llam√≥ ""gato"" a Mauricio Macri y ""Jerry"" a Marcos Pe√±a durante el informe de gesti√≥n",0.7266589,0.8023977,1
50837,False,08/10/2018 20:40,1,443,0,LA NENA ES FEA POR UNANIMIDAD !!! ,https://www.lanacion.com.ar/2179723-confirman-procesamiento-cristina-kirchner-sus-hijos-causa,PACO2016,,Pol√≠tica,Confirman el procesamiento de Cristina Kirchner y sus hijos en la causa Hotesur,0.57864666,0.8023977,1
28704,False,01/10/2018 19:28,2,218,0,@LeonSKennedy @mbetuska es peluquera la gorda...,https://www.lanacion.com.ar/2177422-tasa-del-67-leliq-banco-central-coloco,mbetuska,,Econom√≠a,El Banco Central comenz√≥ a aspirar pesos: capt√≥ $71.060 millones a una tasa de 67%,0.59184223,0.77750224,1
39181,False,06/10/2018 09:06,,311,1,ud ser√≠a la primera victima de Bolsonaro. O si tiene suerte no la viola por fea,https://www.lanacion.com.ar/2178548-bolsonaro-vs-haddad-dos-estilos-pugna-elecciones,gran_curaca,,El Mundo,"Bolsonaro vs. Haddad, dos estilos en pugna en las elecciones de Brasil",0.7897548,0.77750224,1
34527,True,03/10/2018 21:09,3,292,0,"La   BURRA    CORRENTINA,     abortera   desde   su    adolescencia.   Criminal  !!!",https://www.lanacion.com.ar/2178184-una-diputada-llamo-gato-mauricio-macri-jerry,spcristal,,Pol√≠tica,"Una diputada llam√≥ ""gato"" a Mauricio Macri y ""Jerry"" a Marcos Pe√±a durante el informe de gesti√≥n",0.6036729,0.77750224,1
50045,True,08/10/2018 18:04,,443,0,"@amazona2 @plie5684 es mejor ver a la CFK, por fea que sea, antes que a la morsa Carri√≥, que es un esperpento y llega a dar arcadas....guajjjj...que tipa mas fiera.",https://www.lanacion.com.ar/2179723-confirman-procesamiento-cristina-kirchner-sus-hijos-causa,vicente_roth,,Pol√≠tica,Confirman el procesamiento de Cristina Kirchner y sus hijos en la causa Hotesur,0.56398886,0.77750224,1
43246,False,24/09/2018 22:25,1,25,0,@ccmaxima @lmrosario fijate arriba de la alacena gorda,https://www.lanacion.com.ar/2175245-atacan-bombas-molotov-sede-gendarmeria-nacional-san,holacerdokII,,Pol√≠tica,Atacan con bombas molotov una sede de Gendarmer√≠a Nacional en Monserrat,0.58154047,0.77750224,1
26399,False,24/09/2018 22:29,2,25,0,gorda...como llev√°s la miseria?,https://www.lanacion.com.ar/2175245-atacan-bombas-molotov-sede-gendarmeria-nacional-san,holacerdokII,,Pol√≠tica,Atacan con bombas molotov una sede de Gendarmer√≠a Nacional en Monserrat,0.6876809,0.76619613,1
26343,True,19/10/2018 19:18,,760,0,@Peter_Griffin ...adem√°s de una cara grande y fea..,https://www.lanacion.com.ar/2183345-india-erige-estatua-mas-alta-del-mundo,Ingenieril,,El Mundo,India erige la estatua m√°s alta del mundo: mide 182 metros y cost√≥ 400 millones de d√≥lares,0.45670685,0.68800396,1
29161,False,20/10/2018 00:28,7,752,1,La gorda Alcides con el agua al cuello en San Fernando y aplaude a los Moyano que paran en el Ritz de Madrid,https://www.lanacion.com.ar/2183387-macri-habla-cierre-del-coloquio-idea,bigger98,,Econom√≠a,"Macri apunt√≥ contra Moyano: ""No podemos tener m√©todos mafiosos en todo el sistema log√≠stico""",0.7737004,0.68115336,1
2815,True,19/10/2018 16:41,4,760,2,y es bien fea...,https://www.lanacion.com.ar/2183345-india-erige-estatua-mas-alta-del-mundo,Peter_Griffin,,El Mundo,India erige la estatua m√°s alta del mundo: mide 182 metros y cost√≥ 400 millones de d√≥lares,0.29833797,0.67429656,1
29885,False,11/10/2018 20:11,,534,1,"Y Lo del pedido de juicio pol√≠tico a los camaristas que absolvieron a Menem? Jaja, ayer vi una entrevista que le hicieron al Dr. Menem en 2003 y dice de Carrio: ""Si le hacemos un test psiquiatrico a esta mujer, NO LO PASA"" Hacete ver, gorda trastornada.",https://www.lanacion.com.ar/2180846-elisa-carrio-yo-no-pedi-renuncia-garavano,LeonSKennedy,,Pol√≠tica,"Elisa Carri√≥: ""Yo no ped√≠ la renuncia de Garavano, fue una broma""",0.7266589,0.60590196,1
26368,True,02/10/2018 20:59,8,261,0,"La gorda esta y la Pe√±a parecen hermanas con la Porota, van al mismo cirujano.",https://www.lanacion.com.ar/2177813-la-justicia-inhibio-bienes-andrea-del-boca,VickiFeller,,Pol√≠tica,La Justicia inhibi√≥ los bienes de Andrea del Boca y Julio De Vido por la novela Mam√° Coraz√≥n,0.57021755,0.58826876,1
20841,False,07/10/2018 17:36,4,412,3,"COINCIDO CON EL ENOJO Y LAS RAZONES DE CARRI√ì, PERO NO POR ELLO COINCIDO CON SU MODUS OPERNADI, ES UNA SALVAJE!! Y PLANTEAR ""ELIGE O CAE"" NO LA HACE DIFERENTE A MOYANO O LA POROTA.  LA GORDA DERRAPA POR SU ENORME EGO, Y DERRAPA FEO. SI YO FUERA MACRI, MEJOR SAC√ÅRSELA DE ENCIMA. ES UNA GRASA.",https://www.lanacion.com.ar/2179413-elisa-carrio-macri-va-tener-elegir-pero,Ritossa,,Pol√≠tica,"Elisa Carri√≥ aclara que no romper√° con Cambiemos, pero insiste con que ""la impunidad no es negociable""",0.7266589,0.58826876,1
41831,False,30/09/2018 17:49,1,183,3,"Que falta le hac√≠a aparecer as√≠ en estas fotos, m√°s fea imposible!!!!!",https://www.lanacion.com.ar/2177125-serena-williams-cancer-mama,giorgi45,,Deportes,Un video de Serena Williams en topless para una campa√±a contra el c√°ncer se volvi√≥ viral,0.27952453,0.58719254,1
26242,True,02/10/2018 20:08,3,261,1,"@Julepe90 Durante la segunda presidencia de Menem fundi√≥ a su pareja en aquel entonces Jeffrey Sachs empe√±ada en protagonizar en el cine Evita con el benepl√°cito del presidente riojano. Siempre fue una gorda ambiciosa, trepadora y roba maridos... ",https://www.lanacion.com.ar/2177813-la-justicia-inhibio-bienes-andrea-del-boca,MMMdijolamuda,,Pol√≠tica,La Justicia inhibi√≥ los bienes de Andrea del Boca y Julio De Vido por la novela Mam√° Coraz√≥n,0.70323765,0.58719254,1
28754,False,02/10/2018 01:14,1,237,1,"Siento asco hacia los maestros, son todos una manga de √±oquis que usan las escuelas c√≥mo unidad b√°sica. Encima est√° la otra gorda que se rayo la panza e invent√≥ un secuestro. Que casualidad que todo esto pasa en Moreno, otro reducto k.",https://www.lanacion.com.ar/2177504-abrieron-sumarios-docentes-hicieron-fiesta-escuela-cerrada,HomerosancheS,,Sociedad,Abrieron sumarios contra docentes que hicieron una fiesta en una escuela cerrada de Moreno,0.53284085,0.58719254,1
11907,False,02/10/2018 19:42,,261,1,"¬øLa gorda glandular, va a devolver el dinero?",https://www.lanacion.com.ar/2177813-la-justicia-inhibio-bienes-andrea-del-boca,Trigono,,Pol√≠tica,La Justicia inhibi√≥ los bienes de Andrea del Boca y Julio De Vido por la novela Mam√° Coraz√≥n,0.5408366,0.56585175,1
54924,False,07/10/2018 01:30,4,382,9,@bdennings Y por qu√© no la menciona por su nombre en vez de nombrarla La gorda. No estamos en un bodeg√≥n. ,https://www.lanacion.com.ar/2179233-carrio-indignada-cambio-afip-equivale-aliarse-echegaray,guambiaelojo,,Pol√≠tica,"Carri√≥, indignada por un cambio en la AFIP: ""Equivale a aliarse con Echegaray y su gente""",0.53280586,0.560688,1
52594,False,07/10/2018 16:33,1,412,0," DESPUES DE 3 A√ëOS DE ESTAR PEGADA COM UN PANQUEQUE LA GORDA SARASSSSAAA SE QUIERE DAR VUELTA !!!!







JAJAJAAAAAAAAAAAAAAAA











ESTOS GLOBOS SI QUE SON COMICOS !!!!!!!!!!!!!!",https://www.lanacion.com.ar/2179413-elisa-carrio-macri-va-tener-elegir-pero,Adolfo__T_Cantu,,Pol√≠tica,"Elisa Carri√≥ aclara que no romper√° con Cambiemos, pero insiste con que ""la impunidad no es negociable""",0.56116796,0.5467916,1
52652,False,01/10/2018 22:06,7,237,0,Otro Maldonado!! La gorda con la panza OLLAS NO. Es Mentira!! Escuelas cerradas truchas!! Hacen Fiestas! Festa escondido Baradel escondido. MORENO ES OTRO MALDONADO!!! OJO!!!,https://www.lanacion.com.ar/2177504-abrieron-sumarios-docentes-hicieron-fiesta-escuela-cerrada,rbalsells,,Sociedad,Abrieron sumarios contra docentes que hicieron una fiesta en una escuela cerrada de Moreno,0.4766731,0.50096995,1
18501,True,17/10/2018 20:10,3,714,0,"@BorgesAlvarez Si algo faltaba para nunca invertir en argentina, BINGO llegaron las femi bolches.",https://www.lanacion.com.ar/2182663-empresas-colectivos-deberan-contratar-mujeres-alcanzar-cupo,Lavite,,Sociedad,Empresas de colectivos deber√°n contratar mujeres hasta alcanzar el cupo del 30%,0.54240024,0.4251348,1
42669,True,03/10/2018 21:11,4,292,0,"ASUMO QUE COMO LA GORDA ES TAN VIVA Y DESPIERTA, SE HABR√Ä ENTERADO DEL MANEJO DE LOS BOLSOS CON MILLONES DE D√íLARES QUE IBAN Y VENIAN A LA CASA DE LA POROTA ..... NO ??? ....... O ES PIOLA PARA LA GILADA NOM√ÄS '?? ",https://www.lanacion.com.ar/2178184-una-diputada-llamo-gato-mauricio-macri-jerry,PACO2016,,Pol√≠tica,"Una diputada llam√≥ ""gato"" a Mauricio Macri y ""Jerry"" a Marcos Pe√±a durante el informe de gesti√≥n",0.41097808,0.4251348,1
14912,True,07/10/2018 00:58,,382,0,"Si claro, la gorda pesa 360 kilos, y no puede girar ni medio grado",https://www.lanacion.com.ar/2179233-carrio-indignada-cambio-afip-equivale-aliarse-echegaray,mmandeb1,,Pol√≠tica,"Carri√≥, indignada por un cambio en la AFIP: ""Equivale a aliarse con Echegaray y su gente""",0.38883162,0.4251348,1
56114,True,16/10/2018 21:00,8,667,1,Dios le da pan al que no tiene dientes. A√∫n recuerdo los gritos de la gorda Eve que me mandaba a pararme en la puerta de la direcci√≥n cuando me portaba mal. Yo estaba enamorado de Mar√≠a Cristina. Pero lamentablemente nunca me di√≥ bola.-,https://www.lanacion.com.ar/2182313-eeuu-detienen-maestra-abuso-sexual,Ojosagudos,,El Mundo,EE.UU.: detienen a una maestra por abuso sexual,0.4147716,0.40723512,1
18472,False,19/10/2018 11:31,,698,1,@scas8818 Y la hermana y las ex tambien estan locas? ,https://www.lanacion.com.ar/2182594-ojala-te-pudras-infierno-mensaje-madre-hijo,lucrecii,,El Mundo,"""Ojal√° te pudras en el infierno"": el mensaje de una madre a su hijo muerto que revel√≥ un pasado oscuro",0.31176758,0.3727785,1
10542,True,18/10/2018 07:59,3,707,2,Escuchar a la gorda cama√±o ayer a los gritos me reasegura qu√© hay que votar a Macri en 2019.,https://www.lanacion.com.ar/2182681-un-desfile-vuelos-privados-fiesta-lealtad-peronista,Tparto,,Pol√≠tica,Un desfile de vuelos privados a la Fiesta de la Lealtad Peronista en Tucum√°n,0.31544703,0.30742744,1
18365,False,04/10/2018 22:22,2,328,0,El show lo hicieron las otras dos locas que filmaron!!!dale! Eran carmelitas del convento de lopez!,https://www.lanacion.com.ar/2178578-hablo-mujer-agredio-jovenes-venezolanas-las-canitas,ana_mato,,Sociedad,Habl√≥ la mujer que agredi√≥ a las j√≥venes venezolanas en Las Ca√±itas,0.0830932,0.17234726,1
56922,False,08/10/2018 17:13,3,435,3,"Alguien tiene que poner cordura y ubicaci√≥n.. Basta de forzar privilegios para minor√≠as.. abortistas gays



y lesbianas ... El matrimonio igualitario es ANTI NATURA...!!!",https://www.lanacion.com.ar/2179671-rumania-referendum-matrimonio-igualitario-gay-constitucion-prohibicion,torno10,,El Mundo,Rumania: pol√©mica por un refer√©ndum que quiere prohibir el matrimonio igualitario,,,1
56924,True,18/10/2018 17:42,,731,0,Una menos...,https://www.lanacion.com.ar/2182921-inglaterra-exconvicta-recien-liberada-fue-condenada-apunalar,christian_suarez,,El Mundo,Inglaterra: una exconvicta reci√©n liberada fue condenada por apu√±alar a su amiga en un tren,,,1
28727,False,24/09/2018 22:21,1,25,0,@ccmaxima si vos pes√°s 170 kgs gorda...de que hambre habl√°s?,https://www.lanacion.com.ar/2175245-atacan-bombas-molotov-sede-gendarmeria-nacional-san,holacerdokII,,Pol√≠tica,Atacan con bombas molotov una sede de Gendarmer√≠a Nacional en Monserrat,,,1
21707,True,28/09/2018 22:55,2,142,0,"Estos delincuentes se est√°n dando cuenta que no vuelven m√°s, van a estar como locas un buen tiempo",https://www.lanacion.com.ar/2176637-mauricio-macri-critico-agresiones-recibio-pareja-visito,cocoom60,,Pol√≠tica,Mauricio Macri critic√≥ las agresiones que recibi√≥ una pareja a la que visit√≥ en Machwitz,,,1
56923,True,01/10/2018 02:21,2,201,0,Baradel te falto que invitaras a la Tilinga para el baile / O pensas que solo quiere bailar con Bonadio,https://www.lanacion.com.ar/2177171-docentes-hicieron-fiesta-escuela-moreno-cerrada-explosion,ro_andre,,Pol√≠tica,Docentes hicieron una fiesta en una escuela de Moreno cerrada desde la explosi√≥n,,,1
31336,False,30/09/2018 01:51,1,204,0,@lalialejandra2 shhhh  vieja  fea,https://www.lanacion.com.ar/2177044-rogelio-frigerio-tenemos-recuperar-confianza-perdimos-clase,goooooood,,Pol√≠tica,"Rogelio Frigerio: ""Tenemos que recuperar la confianza que perdimos de la clase media""",,,1
52743,False,03/10/2018 23:53,2,292,0,la gorda se puso tanto botox que no le quedo ni cara esuna bola,https://www.lanacion.com.ar/2178184-una-diputada-llamo-gato-mauricio-macri-jerry,osvaldopages,,Pol√≠tica,"Una diputada llam√≥ ""gato"" a Mauricio Macri y ""Jerry"" a Marcos Pe√±a durante el informe de gesti√≥n",,,1
56945,False,03/10/2018 22:59,,292,0,Pinta de gorda con la bombacha amarronada jajaaa,https://www.lanacion.com.ar/2178184-una-diputada-llamo-gato-mauricio-macri-jerry,ron_1091,,Pol√≠tica,"Una diputada llam√≥ ""gato"" a Mauricio Macri y ""Jerry"" a Marcos Pe√±a durante el informe de gesti√≥n",,,1
56993,False,03/10/2018 22:35,8,292,0,"Mas ordinaria que sushi de mondongo, la gorda esta.....",https://www.lanacion.com.ar/2178184-una-diputada-llamo-gato-mauricio-macri-jerry,alser7074,,Pol√≠tica,"Una diputada llam√≥ ""gato"" a Mauricio Macri y ""Jerry"" a Marcos Pe√±a durante el informe de gesti√≥n",,,1
10749,False,03/10/2018 22:15,,292,2,"Juas juas dijo gracielira cama√±o, los trollers son las armas sucias del gato nazi y Marcos chupa p... Pe√±a jajsja",https://www.lanacion.com.ar/2178184-una-diputada-llamo-gato-mauricio-macri-jerry,ron_1091,,Pol√≠tica,"Una diputada llam√≥ ""gato"" a Mauricio Macri y ""Jerry"" a Marcos Pe√±a durante el informe de gesti√≥n",,,1
10771,False,03/10/2018 22:15,7,292,0,Simplemente se trat√≥ de una pedorreta de la gorda.,https://www.lanacion.com.ar/2178184-una-diputada-llamo-gato-mauricio-macri-jerry,javier_ram,,Pol√≠tica,"Una diputada llam√≥ ""gato"" a Mauricio Macri y ""Jerry"" a Marcos Pe√±a durante el informe de gesti√≥n",,,1
18953,False,03/10/2018 21:41,4,292,0,A esta gorda la celulitis se le fue al cerebro,https://www.lanacion.com.ar/2178184-una-diputada-llamo-gato-mauricio-macri-jerry,LAODIO,,Pol√≠tica,"Una diputada llam√≥ ""gato"" a Mauricio Macri y ""Jerry"" a Marcos Pe√±a durante el informe de gesti√≥n",,,1
26776,False,03/10/2018 21:38,2,292,0,PENSAR QUE LA GORDA ES EL RESULTADO DEL ESPERMATOZOIDE M√ÄS R√ÄPIDO !!! ,https://www.lanacion.com.ar/2178184-una-diputada-llamo-gato-mauricio-macri-jerry,PACO2016,,Pol√≠tica,"Una diputada llam√≥ ""gato"" a Mauricio Macri y ""Jerry"" a Marcos Pe√±a durante el informe de gesti√≥n",,,1
26799,False,03/10/2018 21:32,4,292,0,OJO GORDA !!!  QUE A LOS GATOS LES GUSTA EL PESCADO ..... Y VOS DE CORRIENTES VENDRIAS A SER UN BAGRE !!!!  NO ¬ø¬ø¬ø ,https://www.lanacion.com.ar/2178184-una-diputada-llamo-gato-mauricio-macri-jerry,PACO2016,,Pol√≠tica,"Una diputada llam√≥ ""gato"" a Mauricio Macri y ""Jerry"" a Marcos Pe√±a durante el informe de gesti√≥n",,,1
20399,True,03/10/2018 21:24,2,292,0,LA GORDA EN LA CABEZA TIENE .... ECO Y VIENTO !!! ,https://www.lanacion.com.ar/2178184-una-diputada-llamo-gato-mauricio-macri-jerry,PACO2016,,Pol√≠tica,"Una diputada llam√≥ ""gato"" a Mauricio Macri y ""Jerry"" a Marcos Pe√±a durante el informe de gesti√≥n",,,1
41537,True,03/10/2018 21:23,4,292,0,Esta gorda citando al Astillero Rio Santiago no tiene parangon...gorda papelonera impresentable,https://www.lanacion.com.ar/2178184-una-diputada-llamo-gato-mauricio-macri-jerry,rwow,,Pol√≠tica,"Una diputada llam√≥ ""gato"" a Mauricio Macri y ""Jerry"" a Marcos Pe√±a durante el informe de gesti√≥n",,,1
18912,True,03/10/2018 21:20,7,292,0,LA ULTIMA VEZ QUE APLAUDIERON A LA GORDA FUE EN MAR DEL PLATA ...... Y PORQUE SE HABIA PERDIDO EN LA PLAYA !!! ,https://www.lanacion.com.ar/2178184-una-diputada-llamo-gato-mauricio-macri-jerry,PACO2016,,Pol√≠tica,"Una diputada llam√≥ ""gato"" a Mauricio Macri y ""Jerry"" a Marcos Pe√±a durante el informe de gesti√≥n",,,1
19804,True,03/10/2018 21:15,1,292,1,la gorda esta que arde  !!!!! ,https://www.lanacion.com.ar/2178184-una-diputada-llamo-gato-mauricio-macri-jerry,wonder2017,,Pol√≠tica,"Una diputada llam√≥ ""gato"" a Mauricio Macri y ""Jerry"" a Marcos Pe√±a durante el informe de gesti√≥n",,,1
19884,True,03/10/2018 21:12,4,292,0,LA GORDA ES UN ESPECIMEN DE PELUQUERIA DE BARRIO !!! ,https://www.lanacion.com.ar/2178184-una-diputada-llamo-gato-mauricio-macri-jerry,PACO2016,,Pol√≠tica,"Una diputada llam√≥ ""gato"" a Mauricio Macri y ""Jerry"" a Marcos Pe√±a durante el informe de gesti√≥n",,,1
41947,False,03/10/2018 19:50,,292,0, ¬°¬°¬°¬°¬°¬° GORDA !!!!!!,https://www.lanacion.com.ar/2178184-una-diputada-llamo-gato-mauricio-macri-jerry,Trigono,,Pol√≠tica,"Una diputada llam√≥ ""gato"" a Mauricio Macri y ""Jerry"" a Marcos Pe√±a durante el informe de gesti√≥n",,,1
18837,False,03/10/2018 20:30,1,293,0,Siguen demostrando cuan b√°sicos y poco republicanos son. Esta tilinga me da asco,https://www.lanacion.com.ar/2178188-mientras-marcos-pena-daba-su-informe-diputada,omar_gomez2015,,Pol√≠tica,"Mientras Marcos Pe√±a daba su informe, una diputada K le pon√≠a filtros en una transmisi√≥n por Instagram",,,1
29664,False,07/10/2018 02:25,,382,0,"@lalialejandra2 @Atlantex gorda zorra, es como un lobo marino.",https://www.lanacion.com.ar/2179233-carrio-indignada-cambio-afip-equivale-aliarse-echegaray,bdennings,,Pol√≠tica,"Carri√≥, indignada por un cambio en la AFIP: ""Equivale a aliarse con Echegaray y su gente""",,,1
42377,False,06/10/2018 23:27,,382,0,@bimai y gorda no se olvide,https://www.lanacion.com.ar/2179233-carrio-indignada-cambio-afip-equivale-aliarse-echegaray,Vanesa_Rhua,,Pol√≠tica,"Carri√≥, indignada por un cambio en la AFIP: ""Equivale a aliarse con Echegaray y su gente""",,,1
39171,False,06/10/2018 23:10,,382,0,MACRI LE TIENE QUE DAR UNA BOLEA A ESTA GORDA IMPRESENTABLE ,https://www.lanacion.com.ar/2179233-carrio-indignada-cambio-afip-equivale-aliarse-echegaray,bimai,,Pol√≠tica,"Carri√≥, indignada por un cambio en la AFIP: ""Equivale a aliarse con Echegaray y su gente""",,,1
440,True,06/10/2018 23:08,,382,0,LA GORDA ENFERMA YA SE PELEO CON LOS RADICALES Y CON LOS DE PRO,https://www.lanacion.com.ar/2179233-carrio-indignada-cambio-afip-equivale-aliarse-echegaray,bimai,,Pol√≠tica,"Carri√≥, indignada por un cambio en la AFIP: ""Equivale a aliarse con Echegaray y su gente""",,,1
45519,True,06/10/2018 23:10,2,383,2,"Este timbreo de heidi, acompa√±ada en esta ocasi√≥n por lospegato, la f 0 r r @ abortera y llorona del pa√±uelito verde, ha tenido un efecto milagroso aniquilando la crisis, reduciendo la inflaci√≥n y el desempleo y acabando con la inseguridad.",https://www.lanacion.com.ar/2179185-maria-eugenia-vidal-encabezo-nuevo-timbreo-cambiemos,bigrichard00,,Pol√≠tica,Mar√≠a Eugenia Vidal encabez√≥ un nuevo timbreo de Cambiemos en territorio bonaerense,,,1
29892,False,07/10/2018 17:00,2,411,1,"Los calzoncillos y bombachas sucias se lavan en casa, no en la plaza. Creo que Lilita, figura muy importante de la politica Argentina est√° derrapando, creo que se la creyo lo de ser fiscal de la Republica. Y en sus divagaciones religiosas ya se paso de mambo. Los K seguramente se est√°n c... de risa frente a esto.",https://www.lanacion.com.ar/2179415-nueva-aclaracion-afip-cambios-enojaron-carrio-cuccioli,maranovich4,,Pol√≠tica,"La AFIP vuelve a despegarse del conflicto y Cuccioli llam√≥ a Carri√≥ para ""aclarar"" la situaci√≥n",,,1
19101,True,07/10/2018 18:39,,412,1,MACRI CARRIO SON LA GORDA Y EL FLACO,https://www.lanacion.com.ar/2179413-elisa-carrio-macri-va-tener-elegir-pero,josejordo,,Pol√≠tica,"Elisa Carri√≥ aclara que no romper√° con Cambiemos, pero insiste con que ""la impunidad no es negociable""",,,1
19084,False,07/10/2018 16:45,,412,0, GORDA TROLLL !!!!!!!!!!!,https://www.lanacion.com.ar/2179413-elisa-carrio-macri-va-tener-elegir-pero,Adolfo__T_Cantu,,Pol√≠tica,"Elisa Carri√≥ aclara que no romper√° con Cambiemos, pero insiste con que ""la impunidad no es negociable""",,,1
47611,True,07/10/2018 16:23,1,412,0, GORDA DROGADA  ENFERMA  SOS UN PANQUEQUE !!!!!,https://www.lanacion.com.ar/2179413-elisa-carrio-macri-va-tener-elegir-pero,Adolfo__T_Cantu,,Pol√≠tica,"Elisa Carri√≥ aclara que no romper√° con Cambiemos, pero insiste con que ""la impunidad no es negociable""",,,1
45909,False,11/10/2018 18:55,1,534,0,"Gorda irresponsable la funcion p√∫blica no es joda, no te mantenemos para eso!!",https://www.lanacion.com.ar/2180846-elisa-carrio-yo-no-pedi-renuncia-garavano,smokeplume,,Pol√≠tica,"Elisa Carri√≥: ""Yo no ped√≠ la renuncia de Garavano, fue una broma""",,,1
26872,False,30/09/2018 04:35,2,210,1,Que fea la abortera Fulopppppppppppppp,https://www.lanacion.com.ar/2177053-a-todas-nos-puede-pasar-famosas-posaron,Esteban_P,,Sociedad,"""A todas nos puede pasar"": famosas posaron en una campa√±a contra el c√°ncer de mama",,,1
20408,False,05/10/2018 00:31,1,328,0,"Este escracho se debe haber sentido muy fea al lado de las simp√°ticas colombianas, y ah√≠ le vino el ataque y el complejo de inferioridad. Como el monte chaque√±o..impenetrable. Y las chicas del caribe muy ch√©vere. juju.",https://www.lanacion.com.ar/2178578-hablo-mujer-agredio-jovenes-venezolanas-las-canitas,Adriano_77,,Sociedad,Habl√≥ la mujer que agredi√≥ a las j√≥venes venezolanas en Las Ca√±itas,,,1
20746,False,11/10/2018 20:03,1,534,0,Gorda infame. Garavano es el enemigo N¬∞1 de Angelici. Vieja zorra.,https://www.lanacion.com.ar/2180846-elisa-carrio-yo-no-pedi-renuncia-garavano,Quintuco,,Pol√≠tica,"Elisa Carri√≥: ""Yo no ped√≠ la renuncia de Garavano, fue una broma""",0.7869181,0.97730213,0
19115,True,29/09/2018 16:46,,156,0,"@el_pulento @lsmi2504 @juansanfer Y siguio pidiendo ayuda, rata cobarde resentida.",https://www.lanacion.com.ar/2176898-nicolas-dujovne-no-tengo-miedo-no-se,juansanfer,,Econom√≠a,"Nicol√°s Dujovne: ""No tengo miedo de que no se pueda controlar el d√≥lar""",0.7675704,0.95885354,0
65042,True,07/10/2018 16:26,1,412,0," DEVOLVE LOS 300MIL PESOS MENSUALES DE LOS PASAJES  GORDA LADRONA SINVERGUENZA !!!!!



80% DE AUSENCIA AL CONGRESO  !!  Y TE LLEVAS EL SUELDO Y LOS VIATICOS POR NO IR SIQUIERA !!!!!",https://www.lanacion.com.ar/2179413-elisa-carrio-macri-va-tener-elegir-pero,Adolfo__T_Cantu,,Pol√≠tica,"Elisa Carri√≥ aclara que no romper√° con Cambiemos, pero insiste con que ""la impunidad no es negociable""",0.8825915,0.9215791,0
32005,True,02/10/2018 20:55,11,261,0,"Esta petisa, gorda es la que le ense√±aba actuaci√≥n a la Porota. Ladrona cara dura.",https://www.lanacion.com.ar/2177813-la-justicia-inhibio-bienes-andrea-del-boca,VickiFeller,,Pol√≠tica,La Justicia inhibi√≥ los bienes de Andrea del Boca y Julio De Vido por la novela Mam√° Coraz√≥n,0.79434603,0.904667,0
2856,True,18/10/2018 20:16,3,741,1,"JODAAAAAAAAAAAAAAAAA TOTAL, joden con la plata y  paciencia de la gente que mantiene el pais y banca a estos mequetrefe de alcantarilla ,porque le sacan y le pudren la cabeza a los empleados que sus jefes le roban , y el 6 % que ellos cobran x cada sueldo lo llevan a sus negociados que todo ya saben , pero lo escuchas al abogado de ellos y no tienen nada , estan muertos ni casa tienen , NO LO CREE NADIE ; y lo que mas nos molesta a la clase trabajadora es que ustedes le den letra a estos parta sucias ",https://www.lanacion.com.ar/2182912-como-sera-recibimiento-pablo-moyano-ezeiza,oldimar_vechette,,Pol√≠tica,C√≥mo ser√° el recibimiento a Pablo Moyano en Ezeiza,0.8825915,0.8833402,0
7118,True,16/10/2018 22:37,,678,0,@mbetuska @Myanki la gorda carri√≥? jajajajajajajajajaja sos tan pat√©tico que ahora escuchas al 2% carri√≥?,https://www.lanacion.com.ar/2182331-luis-carzoglio-no-me-van-correr-aprietes,Myanki,,Pol√≠tica,"El juez que rechaz√≥ detener a Moyano aclar√≥: ""No me van a correr con aprietes""",0.7350862,0.8827797,0
48163,True,02/10/2018 20:52,10,261,0,Nunca me la fum√© a esta gorda,https://www.lanacion.com.ar/2177813-la-justicia-inhibio-bienes-andrea-del-boca,Santiagov123,,Pol√≠tica,La Justicia inhibi√≥ los bienes de Andrea del Boca y Julio De Vido por la novela Mam√° Coraz√≥n,0.7266589,0.8454214,0
48159,False,07/10/2018 17:18,2,412,0,Esta   GORDA   esta   del  tomate  !!!- ,https://www.lanacion.com.ar/2179413-elisa-carrio-macri-va-tener-elegir-pero,spcristal,,Pol√≠tica,"Elisa Carri√≥ aclara que no romper√° con Cambiemos, pero insiste con que ""la impunidad no es negociable""",0.53375196,0.77750224,0
20400,True,16/10/2018 22:36,,678,0,"@Myanki @mbetuska ¬øcomo el el verso peroniio? jajajajaja  sos tan pero tan gil., mu√±eco.. dame con tu papa..  SI HASTA LA GORDA LO DIJO:..",https://www.lanacion.com.ar/2182331-luis-carzoglio-no-me-van-correr-aprietes,mbetuska,,Pol√≠tica,"El juez que rechaz√≥ detener a Moyano aclar√≥: ""No me van a correr con aprietes""",0.6192039,0.77750224,0
31627,False,16/10/2018 22:32,1,678,7,"La culpa de todo esto la tiene la gorda Carrio que no dej√≥ actuar a Garavano y Angelici... estos sos los ""especialistas"" para operar jueces...",https://www.lanacion.com.ar/2182331-luis-carzoglio-no-me-van-correr-aprietes,mbetuska,,Pol√≠tica,"El juez que rechaz√≥ detener a Moyano aclar√≥: ""No me van a correr con aprietes""",0.7266589,0.77750224,0
18844,False,03/10/2018 20:52,,292,0,A LA GORDA SE LE ESCAPA LA TORTUGA EMBALSAMADA .... !!! ,https://www.lanacion.com.ar/2178184-una-diputada-llamo-gato-mauricio-macri-jerry,PACO2016,,Pol√≠tica,"Una diputada llam√≥ ""gato"" a Mauricio Macri y ""Jerry"" a Marcos Pe√±a durante el informe de gesti√≥n",0.6878021,0.77750224,0
2472,True,06/10/2018 20:02,2,382,6,CARRIO NO RECUERDA QUE PERDI√ì LA INTERNA Y EL PRESIDENTE ES MACRI ........ANDATE CON TU 3% GORDA TIRABOMBAS,https://www.lanacion.com.ar/2179233-carrio-indignada-cambio-afip-equivale-aliarse-echegaray,banana_repubIiK,,Pol√≠tica,"Carri√≥, indignada por un cambio en la AFIP: ""Equivale a aliarse con Echegaray y su gente""",0.70304596,0.77362406,0
20363,True,06/10/2018 19:57,1,382,5,Andate gorda. Ya no te quieren en el gobierno.,https://www.lanacion.com.ar/2179233-carrio-indignada-cambio-afip-equivale-aliarse-echegaray,LeonSKennedy,,Pol√≠tica,"Carri√≥, indignada por un cambio en la AFIP: ""Equivale a aliarse con Echegaray y su gente""",0.71829647,0.68848574,0
48164,True,17/10/2018 00:02,2,678,0,"Jajaaaaaaaaa, CUIDATE PORQUE ANDA ALZADO Y NO LE HACE CARA FEA A NADA!!",https://www.lanacion.com.ar/2182331-luis-carzoglio-no-me-van-correr-aprietes,DAMON11,,Pol√≠tica,"El juez que rechaz√≥ detener a Moyano aclar√≥: ""No me van a correr con aprietes""",0.35745457,0.67429656,0
29933,False,30/09/2018 11:06,8,209,1,Las fuerzas de seguridad son una salida laboral para miles de personas sin educaci√≥n. Gente muy ignorante y resentida que se sienten poderosos por tener un arma.,https://www.lanacion.com.ar/2177120-peaje-muerte-discusion-tiro-arma-pelea-autopista,sebastian_88,,Sociedad,"Un prefecto discuti√≥ con otro automovilista, se baj√≥ del veh√≠culo con un arma y lo mat√≥ en la Illia",0.46794176,0.65022653,0
39188,False,07/10/2018 16:32,,412,4," EL MEJOR EQUIPO DE OFFFFFFCHORRRROS  AUSPICIO LA GORDA CARRIO,  MIENTRAS ELLA SE ROBABA LOS PASAJES !!!!!!!!!!!!",https://www.lanacion.com.ar/2179413-elisa-carrio-macri-va-tener-elegir-pero,Adolfo__T_Cantu,,Pol√≠tica,"Elisa Carri√≥ aclara que no romper√° con Cambiemos, pero insiste con que ""la impunidad no es negociable""",0.70092547,0.6397666,0
621,False,13/10/2018 18:15,,590,0,"Como siempre la Gorda y equipo: funcionales e impresentables, #NOCAMBIANMAS",https://www.lanacion.com.ar/2181514-oliveto-afirmo-cc-presentara-pedido-juicio-politico,dsalas1,,Pol√≠tica,Oliveto afirm√≥ que la CC presentar√° el pedido de juicio pol√≠tico a Garavano,0.56116796,0.5905963,0
3833,True,06/10/2018 20:49,1,382,8,"lean per f1l o cualquier otro diario gente, le estan haciendo la campa√±a a la gorda por meterse con la familia de macri. Diario inmundo",https://www.lanacion.com.ar/2179233-carrio-indignada-cambio-afip-equivale-aliarse-echegaray,salviamos,,Pol√≠tica,"Carri√≥, indignada por un cambio en la AFIP: ""Equivale a aliarse con Echegaray y su gente""",0.57594043,0.57410604,0
9033,False,06/10/2018 21:01,2,382,3,En cualquier momento sale la gorda a gritar Macri ladr√≥n. Antes de formar cambiemos lo dec√≠a..,https://www.lanacion.com.ar/2179233-carrio-indignada-cambio-afip-equivale-aliarse-echegaray,LeonSKennedy,,Pol√≠tica,"Carri√≥, indignada por un cambio en la AFIP: ""Equivale a aliarse con Echegaray y su gente""",0.5213122,0.57030624,0
12625,False,20/10/2018 00:52,1,752,0,"Mauricio hacele caso a la ""Chacho "" Carrio....!!! Con la corrupcion..., con el apriete a los jueces...., con la droga de Bullrich...., una amiga la gorda....!!!!",https://www.lanacion.com.ar/2183387-macri-habla-cierre-del-coloquio-idea,gcano,,Econom√≠a,"Macri apunt√≥ contra Moyano: ""No podemos tener m√©todos mafiosos en todo el sistema log√≠stico""",0.56116796,0.5651301,0
13188,True,03/10/2018 20:48,3,292,2,A LA GORDA LA MANDAN A ESPIAR ..... Y TOCA TIMBRE !!! ,https://www.lanacion.com.ar/2178184-una-diputada-llamo-gato-mauricio-macri-jerry,PACO2016,,Pol√≠tica,"Una diputada llam√≥ ""gato"" a Mauricio Macri y ""Jerry"" a Marcos Pe√±a durante el informe de gesti√≥n",0.47457457,0.5112115,0
20571,False,07/10/2018 00:35,,382,0,"En vez de alegrarte q la gorda est√° haciendo algo y un s√°bado, salud con esto.



As√≠ nunca llega la luz al final del tunel!!",https://www.lanacion.com.ar/2179233-carrio-indignada-cambio-afip-equivale-aliarse-echegaray,mmandeb1,,Pol√≠tica,"Carri√≥, indignada por un cambio en la AFIP: ""Equivale a aliarse con Echegaray y su gente""",0.48298404,0.5009719,0
20614,True,07/10/2018 16:34,1,412,1,"La gorda es ""El chacho "" de cambiemos !!üòÇüòÇüòÇjajajaja",https://www.lanacion.com.ar/2179413-elisa-carrio-macri-va-tener-elegir-pero,bypizza_0,,Pol√≠tica,"Elisa Carri√≥ aclara que no romper√° con Cambiemos, pero insiste con que ""la impunidad no es negociable""",0.36811668,0.5009715,0
20624,True,07/10/2018 19:25,,412,0,@anafustaken Perde    cuidado  que   Macri  es  mas   ASTUTO    que  la    gorda   tira    vientos.,https://www.lanacion.com.ar/2179413-elisa-carrio-macri-va-tener-elegir-pero,spcristal,,Pol√≠tica,"Elisa Carri√≥ aclara que no romper√° con Cambiemos, pero insiste con que ""la impunidad no es negociable""",0.40088177,0.5008658,0
20630,False,17/10/2018 23:43,1,687,0,Es muy fea y dificil de cantar la versi√≥n de nuestro Himno que se escuch√≥ en los juegos. Una pena,https://www.lanacion.com.ar/2182704-juegos-olimpicos-juventud-curiosa-version-del-himno,mariofrombsas,,Deportes,Juegos Ol√≠mpicos de la Juventud: la curiosa versi√≥n del himno argentino en las entregas de premios,0.3286294,0.50077707,0
20632,False,07/10/2018 00:35,2,382,0,A LA GORDA LA TOMAN POR LOCA PERO TODAS LAS DENUNCIAS QUE HIZO CUANDO LOS KA ESTABAN EN EL GOBIERNO FUERON CONFIRMADAS TARDE Y MAL,https://www.lanacion.com.ar/2179233-carrio-indignada-cambio-afip-equivale-aliarse-echegaray,DAMON11,,Pol√≠tica,"Carri√≥, indignada por un cambio en la AFIP: ""Equivale a aliarse con Echegaray y su gente""",0.44886053,0.5006677,0
20644,False,24/09/2018 22:31,2,25,0,Gorda. No VUELVEN mas,https://www.lanacion.com.ar/2175245-atacan-bombas-molotov-sede-gendarmeria-nacional-san,bigger98,,Pol√≠tica,Atacan con bombas molotov una sede de Gendarmer√≠a Nacional en Monserrat,0.3140928,0.5004114,0
20647,False,07/10/2018 19:10,8,412,5,"Si todos los problemas de este pais fuera usted o Angelici, Argentina seria Suiza, no se da cuenta de la malaria terrible que hay, eso azotara mas que cualquier operador politico o gorda parlanchina, nadie del gobierno ve lo que esta pasando en la calle, fuera de su comodidad? los negocios vacios, la gente durmiendo en la calle , la falta de laburo, la inseturidad, por favor cuanta ceguera.",https://www.lanacion.com.ar/2179413-elisa-carrio-macri-va-tener-elegir-pero,WolfgangAMozart,,Pol√≠tica,"Elisa Carri√≥ aclara que no romper√° con Cambiemos, pero insiste con que ""la impunidad no es negociable""",0.556332,0.4620254,0
20677,False,07/10/2018 00:16,,382,7,La gorda sabe q si se sube el helic√≥ptero no despega as√≠ q est√° preparando su huida anticipada,https://www.lanacion.com.ar/2179233-carrio-indignada-cambio-afip-equivale-aliarse-echegaray,mmandeb1,,Pol√≠tica,"Carri√≥, indignada por un cambio en la AFIP: ""Equivale a aliarse con Echegaray y su gente""",0.37716252,0.4251348,0
20688,False,07/10/2018 21:10,1,412,5,Desde el momento que Carri√≥ se junt√≥ con la mafia corrupta de cambiemos dejo de ser cre√≠ble. Ya perd√≠ la cuenta de los casos de corrupci√≥n de cambiemos con los que hizo la vista gorda,https://www.lanacion.com.ar/2179413-elisa-carrio-macri-va-tener-elegir-pero,sebastian877,,Pol√≠tica,"Elisa Carri√≥ aclara que no romper√° con Cambiemos, pero insiste con que ""la impunidad no es negociable""",0.39466208,0.4251348,0
20712,False,07/10/2018 19:03,2,412,1,"El cambiemita es una persona especial. La gorda les est√° diciendo en la cara que rompe y Macri CAE(m√°s detalles: le da un plazo de dos meses m√°ximo a que decida), en un tono casi golpista.



Y siguen aplaudiendo cantando zizepuede MACRI 2019!",https://www.lanacion.com.ar/2179413-elisa-carrio-macri-va-tener-elegir-pero,LeonSKennedy,,Pol√≠tica,"Elisa Carri√≥ aclara que no romper√° con Cambiemos, pero insiste con que ""la impunidad no es negociable""",0.36621767,0.3727785,0
20723,False,11/10/2018 20:08,1,534,0,"Garavano qued√≥ como un se√±or, le contest√≥ con tecnicismo legal, y la gorda qued√≥ como una caricatura.",https://www.lanacion.com.ar/2180846-elisa-carrio-yo-no-pedi-renuncia-garavano,a_garnero2008,,Pol√≠tica,"Elisa Carri√≥: ""Yo no ped√≠ la renuncia de Garavano, fue una broma""",0.33292845,0.36331365,0
20736,False,07/10/2018 01:28,1,382,11,"La gorda sabe que Macri tiene altas chances de perder en 2019, entonces ya se va diferenciando, usando su latiguillo de siempre, las denuncias de corrupci√≥n difusas y masivas.",https://www.lanacion.com.ar/2179233-carrio-indignada-cambio-afip-equivale-aliarse-echegaray,bdennings,,Pol√≠tica,"Carri√≥, indignada por un cambio en la AFIP: ""Equivale a aliarse con Echegaray y su gente""",0.31751627,0.32094315,0
21100,False,06/10/2018 22:13,6,381,0,"@jlfiandrino A mi me gusta cuando la gorda dice cosas que el comun de la gente no sabe, es bueno que ventile cosas !!",https://www.lanacion.com.ar/2179237-el-presidente-tiene-elegir-linea-angelici-carrio,daniel_camara,,Pol√≠tica,"""El Presidente tiene que elegir entre la linea Angelici o Carri√≥"", dijo la diputada",0.24714182,0.2981812,0
26162,False,11/10/2018 19:04,2,534,0,La gorda no pasa una entrevista psiqui√°trica  de 20 minutos.,https://www.lanacion.com.ar/2180846-elisa-carrio-yo-no-pedi-renuncia-garavano,mbetuska,,Pol√≠tica,"Elisa Carri√≥: ""Yo no ped√≠ la renuncia de Garavano, fue una broma""",0.16856652,0.26104105,0
26191,False,24/09/2018 22:54,1,14,0,La jaula de las locas ...,https://www.lanacion.com.ar/2175196-la-familia-real-britanica-da-otro-paso,riccastel,,El Mundo,La familia real brit√°nica da otro paso hacia el siglo XXI: celebr√≥ su primera boda gay,0.113532215,0.239345,0
26568,True,24/09/2018 22:55,1,25,0,Mmm que fea noticia ...,https://www.lanacion.com.ar/2175245-atacan-bombas-molotov-sede-gendarmeria-nacional-san,riccastel,,Pol√≠tica,Atacan con bombas molotov una sede de Gendarmer√≠a Nacional en Monserrat,0.03975683,0.18654434,0
26598,False,27/09/2018 16:43,1,114,1,"A todo esto : Qui√©n es la tilinga de la foto,la madre del 44?",https://www.lanacion.com.ar/2176197-confirmaron-procesamiento-gils-carbo-compra-del-edificio,EduardoMain,,Pol√≠tica,Confirmaron el procesamiento de Gils Carb√≥ por la compra del edificio de la Procuraci√≥n,0.007600481,0.050980445,0
26600,False,29/09/2018 19:10,6,168,0,"Fea actitud la de hacer cr√≠ticas desde el exterior, cuando se recibe un premio.",https://www.lanacion.com.ar/2176916-festival-san-sebastian-2018-gran-presencia-argentina,Roger60,,Espect√°culos,Festival de San Sebasti√°n 2018: la pel√≠cula argentina Rojo se llev√≥ tres galardones,,,0
26953,False,29/09/2018 17:45,12,168,0,"Grandinettu, Amarguetti, como casi todos los actores K, gente resentida al dope a pesar de sue trabajo no les falta.",https://www.lanacion.com.ar/2176916-festival-san-sebastian-2018-gran-presencia-argentina,pibepaz,,Espect√°culos,Festival de San Sebasti√°n 2018: la pel√≠cula argentina Rojo se llev√≥ tres galardones,,,0
29739,False,26/09/2018 01:30,,51,0,@mari_posita @goooooood @amazona2 @elcoso SOS  1  ARRASTRADA  vieja  fea,https://www.lanacion.com.ar/2175527-mauricio-macri-caputo-no-tenia-vocacion-ejercer,goooooood,,Pol√≠tica,"Mauricio Macri: ""Caputo no ten√≠a vocaci√≥n de ejercer ese cargo, fue un gesto patri√≥tico""",,,0
29740,False,01/10/2018 01:11,4,201,0,"@patryleo  Mucho papel pa¬¥ una bic, van a tener que usar brocha gorda.-",https://www.lanacion.com.ar/2177171-docentes-hicieron-fiesta-escuela-moreno-cerrada-explosion,ebellusci,,Pol√≠tica,Docentes hicieron una fiesta en una escuela de Moreno cerrada desde la explosi√≥n,,,0
29769,False,03/10/2018 22:54,,292,1,"@AlanBiqqeNotDead Bueno, que investiguen. Y que aprueben una ley para que los legisladores den un psicotecnico antes de asumir su banca. La gorda esta queda afuera junto con porota y el resto del fpv.",https://www.lanacion.com.ar/2178184-una-diputada-llamo-gato-mauricio-macri-jerry,sil2012,,Pol√≠tica,"Una diputada llam√≥ ""gato"" a Mauricio Macri y ""Jerry"" a Marcos Pe√±a durante el informe de gesti√≥n",,,0
29791,True,03/10/2018 22:30,4,292,0,"La gorda se puso as√≠, porque le gusta Marcos Pe√±a !!!!",https://www.lanacion.com.ar/2178184-una-diputada-llamo-gato-mauricio-macri-jerry,wonder2017,,Pol√≠tica,"Una diputada llam√≥ ""gato"" a Mauricio Macri y ""Jerry"" a Marcos Pe√±a durante el informe de gesti√≥n",,,0
29796,False,03/10/2018 21:12,3,292,0,"GORDA ... DE LOS BOLSOS NOS PODES DECIR ALGO ""PIOLA"" ??? ... O NO VISTE NADA VOS TAMPOCO ??? ",https://www.lanacion.com.ar/2178184-una-diputada-llamo-gato-mauricio-macri-jerry,PACO2016,,Pol√≠tica,"Una diputada llam√≥ ""gato"" a Mauricio Macri y ""Jerry"" a Marcos Pe√±a durante el informe de gesti√≥n",,,0
29810,False,07/10/2018 02:12,,382,10,Lo vengo repitiendo hace tiempo: la gorda quiere rajarse del barco que se hunde.,https://www.lanacion.com.ar/2179233-carrio-indignada-cambio-afip-equivale-aliarse-echegaray,popetina,,Pol√≠tica,"Carri√≥, indignada por un cambio en la AFIP: ""Equivale a aliarse con Echegaray y su gente""",,,0
29812,False,07/10/2018 02:02,,382,0,a la gorda la esta pasando como alambrado caido,https://www.lanacion.com.ar/2179233-carrio-indignada-cambio-afip-equivale-aliarse-echegaray,nparedes2,,Pol√≠tica,"Carri√≥, indignada por un cambio en la AFIP: ""Equivale a aliarse con Echegaray y su gente""",,,0
29864,False,07/10/2018 01:54,,382,0," La gorda huye como rata por tirante.



Pero Macri siempre supo que esto iba a pasar.



La pregunta era ""¬øCu√°ndo?""",https://www.lanacion.com.ar/2179233-carrio-indignada-cambio-afip-equivale-aliarse-echegaray,bdennings,,Pol√≠tica,"Carri√≥, indignada por un cambio en la AFIP: ""Equivale a aliarse con Echegaray y su gente""",,,0
29865,False,06/10/2018 23:27,1,382,4,LA GORDA SE MANOTEABA EL SOBRANTE DE LOS PASAJES LINDO EJEMPLO,https://www.lanacion.com.ar/2179233-carrio-indignada-cambio-afip-equivale-aliarse-echegaray,bimai,,Pol√≠tica,"Carri√≥, indignada por un cambio en la AFIP: ""Equivale a aliarse con Echegaray y su gente""",,,0
29946,False,06/10/2018 23:13,,382,2,CARRIO ES SOCIA DE QUINTANA EN FARMACITY GORDA LADRONA,https://www.lanacion.com.ar/2179233-carrio-indignada-cambio-afip-equivale-aliarse-echegaray,bimai,,Pol√≠tica,"Carri√≥, indignada por un cambio en la AFIP: ""Equivale a aliarse con Echegaray y su gente""",,,0
31892,True,07/10/2018 18:54,2,412,0,Macri destroz√≥ absolutamente todo. La gorda ya se quiere subir al mejor bote...,https://www.lanacion.com.ar/2179413-elisa-carrio-macri-va-tener-elegir-pero,LeonSKennedy,,Pol√≠tica,"Elisa Carri√≥ aclara que no romper√° con Cambiemos, pero insiste con que ""la impunidad no es negociable""",,,0
32657,False,07/10/2018 18:38,,412,0,@eternoretorno @josejordo LA GORDA Y EL FLACO,https://www.lanacion.com.ar/2179413-elisa-carrio-macri-va-tener-elegir-pero,josejordo,,Pol√≠tica,"Elisa Carri√≥ aclara que no romper√° con Cambiemos, pero insiste con que ""la impunidad no es negociable""",,,0
33228,False,07/10/2018 18:25,,412,0,Pir√≥ la Gorda ,https://www.lanacion.com.ar/2179413-elisa-carrio-macri-va-tener-elegir-pero,agata2,,Pol√≠tica,"Elisa Carri√≥ aclara que no romper√° con Cambiemos, pero insiste con que ""la impunidad no es negociable""",,,0
33229,True,07/10/2018 16:58,,412,0," Y MACRI FUE PIOLA, NO COMO FERNANDINHO-1  QUE NO LA HIZO FIRMAR A LA GORDA











ESTA VEZ LA GORDA ESTA PEGADA, MACRI LA HIZO FIRMAR CADA UNA DE LAS .... QUE SE MANDO EN OLIVOS !!!!!!",https://www.lanacion.com.ar/2179413-elisa-carrio-macri-va-tener-elegir-pero,Adolfo__T_Cantu,,Pol√≠tica,"Elisa Carri√≥ aclara que no romper√° con Cambiemos, pero insiste con que ""la impunidad no es negociable""",,,0
39340,False,07/10/2018 16:57,,412,0," LA GORDA ESTA PEGADA COMO UN PANQUEQUE.....







JAMAS ABRIO LA BOCA  !!!!!







ARRIBAS NO RECIBIA  COIMETAAAAAAAAAAA







RECIBIA LA VENTA DE MUEBLES ...............







750MIL U$S EN MUEBLES DE UN MONOAMBIENTE, GIRADOS A HONG KONG !!!!!!!!!",https://www.lanacion.com.ar/2179413-elisa-carrio-macri-va-tener-elegir-pero,Adolfo__T_Cantu,,Pol√≠tica,"Elisa Carri√≥ aclara que no romper√° con Cambiemos, pero insiste con que ""la impunidad no es negociable""",,,0
39347,False,07/10/2018 16:51,1,412,0,gorda golpista jajajaj,https://www.lanacion.com.ar/2179413-elisa-carrio-macri-va-tener-elegir-pero,nomengrapes70,,Pol√≠tica,"Elisa Carri√≥ aclara que no romper√° con Cambiemos, pero insiste con que ""la impunidad no es negociable""",,,0
39529,False,07/10/2018 16:50,1,412,0,@nomengrapes70 NO ENGA√ëA MAS A NADIE LA GORDA,https://www.lanacion.com.ar/2179413-elisa-carrio-macri-va-tener-elegir-pero,Adolfo__T_Cantu,,Pol√≠tica,"Elisa Carri√≥ aclara que no romper√° con Cambiemos, pero insiste con que ""la impunidad no es negociable""",,,0
41178,False,07/10/2018 16:47,2,412,1,No se xq pero la gorda me hace acordar a chacho alvarez !!_üòÇ,https://www.lanacion.com.ar/2179413-elisa-carrio-macri-va-tener-elegir-pero,bypizza_0,,Pol√≠tica,"Elisa Carri√≥ aclara que no romper√° con Cambiemos, pero insiste con que ""la impunidad no es negociable""",,,0
41614,True,07/10/2018 16:47,,412,0,"Cucas, la gorda Carri√≥ pide que le tengan un poquito de paciencia que ya casi termina de llenar el tanque del helic√≥ptero",https://www.lanacion.com.ar/2179413-elisa-carrio-macri-va-tener-elegir-pero,Eric_bb,,Pol√≠tica,"Elisa Carri√≥ aclara que no romper√° con Cambiemos, pero insiste con que ""la impunidad no es negociable""",,,0
41621,False,07/10/2018 16:45,2,412,0,"Cristina festeja dici√©ndole a sus sectarios: vieron que no hac√≠a falta ensuciarse las manos? Para hacer el trabajo sucio del golpe, la tenemos a la Gorda Carri√≥ jajajaaaa!",https://www.lanacion.com.ar/2179413-elisa-carrio-macri-va-tener-elegir-pero,Eric_bb,,Pol√≠tica,"Elisa Carri√≥ aclara que no romper√° con Cambiemos, pero insiste con que ""la impunidad no es negociable""",,,0
41646,True,07/10/2018 16:37,,412,0,"ASI MONTO EL EQUIPO CAMBIEMOS, LA GORDA ESTABA DEACUERDO ..... QUE ESPERABAN ??







=======================================================================







Amadeo, Bein, Blejer, Pignanelli, Prat Gay, y Sturzenegger, los responsables de la cat√°strofe del 2001, est√°n de nuevo al frente







====================================================================================",https://www.lanacion.com.ar/2179413-elisa-carrio-macri-va-tener-elegir-pero,Adolfo__T_Cantu,,Pol√≠tica,"Elisa Carri√≥ aclara que no romper√° con Cambiemos, pero insiste con que ""la impunidad no es negociable""",,,0
41648,False,07/10/2018 16:36,,412,2, PENSAR QUE LA GORDA TRAIDORA  LE VOTO A MACRI TODAS LAS LEYES EN CONTRA DE LOS VIEJITOS !!!!!!!!,https://www.lanacion.com.ar/2179413-elisa-carrio-macri-va-tener-elegir-pero,Adolfo__T_Cantu,,Pol√≠tica,"Elisa Carri√≥ aclara que no romper√° con Cambiemos, pero insiste con que ""la impunidad no es negociable""",,,0
41649,True,08/10/2018 18:22,2,443,0,"Igual la gorda es un arma de doble filo, aca la ponderan mucho. Se cargo a uno de los mejores Ministros, el sr Aranguren. Para mi un ejemplo en todo",https://www.lanacion.com.ar/2179723-confirman-procesamiento-cristina-kirchner-sus-hijos-causa,ghriva,,Pol√≠tica,Confirman el procesamiento de Cristina Kirchner y sus hijos en la causa Hotesur,,,0
45801,False,09/10/2018 23:49,3,471,3,"La gorda Lilita al final ten√¨a raz√≤n, Lorenzetti es el perverso de la corte, le hicieron una movida magistral y ahora se le termin√≤ el poder, y despotrica. Me impresiona que comienza una cierta independencia del poder judicial, es un inicio, veremos el futuro...... ",https://www.lanacion.com.ar/2180135-lorenzetti-acuso-rosenkrantz-generar-clima-tension-temor,cirulaxia10,,Pol√≠tica,"Lorenzetti le contest√≥ a Rosenkrantz: habl√≥ de ""mediocridad"" y de generar un ""clima de tensi√≥n y temor""",,,0
45802,False,09/10/2018 23:50,4,471,2,"@cirulaxia10 si no hubieras escrito ""...la gorda Lilita ..."" dir√° que estoy de acuerdo con tu post.",https://www.lanacion.com.ar/2180135-lorenzetti-acuso-rosenkrantz-generar-clima-tension-temor,amazona2,,Pol√≠tica,"Lorenzetti le contest√≥ a Rosenkrantz: habl√≥ de ""mediocridad"" y de generar un ""clima de tensi√≥n y temor""",,,0
46593,False,11/10/2018 18:53,1,534,0,Viste como es la gorda. Tal vez ma√±ana se acuerde de nuevo cuando dec√≠a que Mauricio era un delincuente.,https://www.lanacion.com.ar/2180846-elisa-carrio-yo-no-pedi-renuncia-garavano,abertolo2,,Pol√≠tica,"Elisa Carri√≥: ""Yo no ped√≠ la renuncia de Garavano, fue una broma""",,,0
48619,False,11/10/2018 18:08,1,534,0,¬øQuedar√° alg√∫n lilito que despu√©s de esto no crea que la gorda est√° loca? ,https://www.lanacion.com.ar/2180846-elisa-carrio-yo-no-pedi-renuncia-garavano,popetina,,Pol√≠tica,"Elisa Carri√≥: ""Yo no ped√≠ la renuncia de Garavano, fue una broma""",,,0
17654,False,18/10/2018 14:33,3,707,0,@edidock traidores y ladrones todos esos tienen las manos sucias de tanto choreo ninguno de eso que concurrio al acto resiste un analisis de como robaron en los ultimos 15 a√±√±os LADRONES,https://www.lanacion.com.ar/2182681-un-desfile-vuelos-privados-fiesta-lealtad-peronista,fernando_alfredo,,Pol√≠tica,Un desfile de vuelos privados a la Fiesta de la Lealtad Peronista en Tucum√°n,,,0
43721,True,20/10/2018 15:24,,799,0,"@spcristal @mbetuska @minino quiero 10.000 locas como ella,para que la Argentina  mejore ",https://www.lanacion.com.ar/2183641-los-cuadernos-coimas-bonadio-pidio-detencion-inmediata,hibiar,,Pol√≠tica,Los cuadernos de las coimas: Bonadio orden√≥ la detenci√≥n inmediata de la viuda de Daniel Mu√±oz,,,0
22136,True,20/10/2018 23:14,3,800,3,"Sres Foristas:  N√©stor kirchner tom√≥ plata prestada de Venezuela A MAYOR INTER√âS y le pag√≥ al FMI, PARA SACARSE DE ENCIMA LAS AUDITOR√çAS Y HACER CON NUESTRO DINERO LO QUE SE LE ANTOJARA. Nos la vendi√≥ como que est√°bamos ‚Äúdesendeud√°ndonos‚Äù.Y fue otra de sus mentiras.  De esta manera dilapid√≥ nuestro dinero en la industria de los derechos humanos con suculentas indemnizaciones, estatizaciones rid√≠culas para adjudicar contratos a sus testaferros (AYSA) y cuanta aventura econ√≥mica se le ocurri√≥ (REPSOL-YPF). ",https://www.lanacion.com.ar/2183633-los-politicos-sindicalistas-participaron-del-acto-moyano,sacapunta,,Pol√≠tica,Los pol√≠ticos y sindicalistas que participaron del acto de Moyano en Luj√°n,,,0
3337,True,20/10/2018 23:14,3,800,3,"Sres Foristas:  N√©stor kirchner tom√≥ plata prestada de Venezuela A MAYOR INTER√âS y le pag√≥ al FMI, PARA SACARSE DE ENCIMA LAS AUDITOR√çAS Y HACER CON NUESTRO DINERO LO QUE SE LE ANTOJARA. Nos la vendi√≥ como que est√°bamos ‚Äúdesendeud√°ndonos‚Äù.Y fue otra de sus mentiras.  De esta manera dilapid√≥ nuestro dinero en la industria de los derechos humanos con suculentas indemnizaciones, estatizaciones rid√≠culas para adjudicar contratos a sus testaferros (AYSA) y cuanta aventura econ√≥mica se le ocurri√≥ (REPSOL-YPF). ",https://www.lanacion.com.ar/2183633-los-politicos-sindicalistas-participaron-del-acto-moyano,sacapunta,,Pol√≠tica,Los pol√≠ticos y sindicalistas que participaron del acto de Moyano en Luj√°n,,,0
3340,True,20/10/2018 23:14,3,800,3,"Sres Foristas:  N√©stor kirchner tom√≥ plata prestada de Venezuela A MAYOR INTER√âS y le pag√≥ al FMI, PARA SACARSE DE ENCIMA LAS AUDITOR√çAS Y HACER CON NUESTRO DINERO LO QUE SE LE ANTOJARA. Nos la vendi√≥ como que est√°bamos ‚Äúdesendeud√°ndonos‚Äù.Y fue otra de sus mentiras.  De esta manera dilapid√≥ nuestro dinero en la industria de los derechos humanos con suculentas indemnizaciones, estatizaciones rid√≠culas para adjudicar contratos a sus testaferros (AYSA) y cuanta aventura econ√≥mica se le ocurri√≥ (REPSOL-YPF). ",https://www.lanacion.com.ar/2183633-los-politicos-sindicalistas-participaron-del-acto-moyano,sacapunta,,Pol√≠tica,Los pol√≠ticos y sindicalistas que participaron del acto de Moyano en Luj√°n,,,0
