,es_respuesta,fecha,likes,nota_id,respuestas,texto,url,usuario,autor,seccion,titulo,severe_toxicity,toxicity,caracteres,caracteresSE
10542,True,16:46 29/09/2018,,156,0.0,"@el_pulento @lsmi2504 @juansanfer Y siguio pidiendo ayuda, rata cobarde resentida.",https://www.lanacion.com.ar/2176898-nicolas-dujovne-no-tengo-miedo-no-se,juansanfer,,Econom√≠a,"Nicol√°s Dujovne: ""No tengo miedo de que no se pueda controlar el d√≥lar""",0.7675704000000001,0.95885354,82,73
56993,False,21:32 19/10/2018,6.0,765,0.0,"Fea. Resentida. Loser.
Tomate el palo, neg.ra.xha...",https://www.lanacion.com.ar/2183289-miss-bolivia,rmike,Yamila Trautman,Espect√°culos,"Se qued√≥ sin trabajo, se separ√≥ y se fue de su casa: el cambio de vida de Miss Bolivia",0.8352564,0.904667,55,50
20986,False,14:07 04/10/2018,,293,1.0,"acepto los chascarrillos cuando salen de una boca inmaculada, si salen de gordas mostras, vacas sucias, es resentimiento y maldeducaci√≥n",https://www.lanacion.com.ar/2178188-mientras-marcos-pena-daba-su-informe-diputada,luis_mauleon,,Pol√≠tica,"Mientras Marcos Pe√±a daba su informe, una diputada K le pon√≠a filtros en una transmisi√≥n por Instagram",0.83775395,0.81117237,136,117
18472,False,20:51 02/10/2018,5.0,249,4.0,"Las mujeres cada vez m√°s maleducadas, violentas y locas. Nada les viene bien.",https://www.lanacion.com.ar/2177764-tener-hijos-hacer-carrera-dicotomia-no-deberia,gperez43,Sof√≠a Terrile,Econom√≠a,"Tener hijos o hacer carrera, la dicotom√≠a que no deber√≠a existir m√°s para las mujeres",0.8825915000000001,0.77750224,77,65
20746,False,21:09 03/10/2018,3.0,292,0.0,"La   BURRA    CORRENTINA,     abortera   desde   su    adolescencia.   Criminal  !!!",https://www.lanacion.com.ar/2178184-una-diputada-llamo-gato-mauricio-macri-jerry,spcristal,,Pol√≠tica,"Una diputada llam√≥ ""gato"" a Mauricio Macri y ""Jerry"" a Marcos Pe√±a durante el informe de gesti√≥n",0.6036729000000001,0.77750224,84,57
28727,False,00:17 08/10/2018,,404,0.0,SERVICIO MILITAR OBLIGATORIO BASTA DE NINIS... INTERVENCI√ìN DE DE LOS SINDICATOS DOCENTES... BASTA DE PRIVILEGIOS PARA MINOR√çAS.. GAYS TORTAS LESBIS Y ABORTERAS... ALDO RICO 2019,https://www.lanacion.com.ar/2179480-elecciones-brasil-bolsonaro-quedo-paso-presidencia-pero,torno10,Alberto Armend√°riz,El Mundo,"Elecciones en Brasil: Bolsonaro obtuvo una contundente victoria, pero deber√° ir al ballottage con Haddad",0.8352564,0.77750224,178,154
43721,True,19:04 14/10/2018,4.0,626,1.0,"@anaesnaola ¬øY si hubiera sido travesti habr√≠as dicho travesticidio?  Cu√°nto tiempo perdido en la facultad de Derecho para tener que soportar ahora todas estas teor√≠as rid√≠culas. Tal vez,  si yo muero violentamente alg√∫n modernoso jur√≠dico dir√°  que es un viejicidio y pedir√° m√°s  pena para  mi asesino. ",https://www.lanacion.com.ar/2181722-ullifemicidio-cordoba-asesino-su-esposa-convivio-cadaver,pikybayres,Gabriela Origlia ,Sociedad,Femicidio en C√≥rdoba: asesin√≥ a su esposa y convivi√≥ tres d√≠as con el cad√°ver,0.8439916,0.7636647,304,252
42669,True,02:15 15/10/2018,3.0,602,0.0,@amazona2 A cu√°l quier dama hecha y derecha le gustan esas cosas....no como las feministas esas locas.....,https://www.lanacion.com.ar/2181771-arba-intimara-mas-350-countries-regularicen-pago,tmcdonnell,Sof√≠a Diamante,Econom√≠a,ARBA intimar√° a m√°s de 350 countries para que regularicen el pago de sus impuestos,0.7266589,0.7367093000000001,106,90
18501,True,20:49 02/10/2018,3.0,249,1.0,"@jpoggio6 Las mujeres nos detestan sin raz√≥n alguna, la verdad que son ellas las que est√°n cada vez m√°s maleducadas, violentas y locas.",https://www.lanacion.com.ar/2177764-tener-hijos-hacer-carrera-dicotomia-no-deberia,gperez43,Sof√≠a Terrile,Econom√≠a,"Tener hijos o hacer carrera, la dicotom√≠a que no deber√≠a existir m√°s para las mujeres",0.8268554,0.68848574,135,113
14349,False,11:06 30/09/2018,8.0,209,1.0,Las fuerzas de seguridad son una salida laboral para miles de personas sin educaci√≥n. Gente muy ignorante y resentida que se sienten poderosos por tener un arma.,https://www.lanacion.com.ar/2177120-peaje-muerte-discusion-tiro-arma-pelea-autopista,sebastian_88,,Sociedad,"Un prefecto discuti√≥ con otro automovilista, se baj√≥ del veh√≠culo con un arma y lo mat√≥ en la Illia",0.46794176,0.65022653,161,135
41770,True,23:15 13/10/2018,1.0,586,0.0,"@lucasvas @Naty_Mercurio_XI @Giani_Castronovo No a todos. Odio al hombre en general, pero hay hombres copados. Odio al machismo. Y a las mujeres machistas grandes. Porque crian hijos machistas. Eso se esta terminando por suerte.",https://www.lanacion.com.ar/2181557-el-gobierno-comenzo-analizar-escenario-2019,Naty_Mercurio_XI,Jaime Rosemberg,Pol√≠tica,El Gobierno ya comenz√≥ a analizar el escenario 2019,0.83820385,0.65022653,228,195
440,True,09:04 25/09/2018,3.0,21,3.0,"@VonHayek  Che Von, d√©jate de hacer apreciaciones rid√≠culas. Para USA y la Uni√≥n Europea, Argentina es un socio estrat√©gico vital, liderando liberalmente la geopol√≠tica de una regi√≥n populista (salvo peque√±as excepciones) donde los c√°nceres de Venezuela, Cuba y Nicaragua tienen que ser erradicados de ra√≠z. Argentina es mucho m√°s estrat√©gica para USA de lo que vos imagin√°s con tu triste comparaci√≥n de PBIs.",https://www.lanacion.com.ar/2175272-mauricio-macri-lagarde-cena-gala-wall-street,gmdominguez01,Rafael Mathus Ruiz,Pol√≠tica,Mauricio Macri salud√≥ a Trump y cen√≥ junto Lagarde en su gran agasajo en Wall Street,0.7266589,0.6366232,409,346
56945,False,21:27 19/10/2018,5.0,763,0.0,las femi bolches y su caza de brujas.,https://www.lanacion.com.ar/2183391-tras-diez-meses-fuera-del-aire-denuncias,Lavite,Pablo Montagna,Espect√°culos,"Tras diez meses fuera del aire por las denuncias de acoso, Ari Paluch vuelve a El Exprimidor",0.6943849,0.56382483,37,30
18476,True,00:31 03/10/2018,,249,0.0,"@gperez43 t√≠pico comentario machista,  ¬øqu√© te viene bien a vos?  contanos para enterarnos.  ¬øtu mam√° y tus hermanas fueron as√≠, violentas, locas , insatisfechas?  no  generalices por tu triste y corta experiencia,  la m√≠a con los hombres,  mi padre,  el padre de mis hijos,  mis hijos,  mis yernos... no piensan igual que vos. Son hombres en serio,  completos, fant√°sticos,  buenos compa√±eros, buenos padres...",https://www.lanacion.com.ar/2177764-tener-hijos-hacer-carrera-dicotomia-no-deberia,luisa22,Sof√≠a Terrile,Econom√≠a,"Tener hijos o hacer carrera, la dicotom√≠a que no deber√≠a existir m√°s para las mujeres",0.6108853,0.50066394,411,337
52228,True,20:10 17/10/2018,3.0,714,0.0,"@BorgesAlvarez Si algo faltaba para nunca invertir en argentina, BINGO llegaron las femi bolches.",https://www.lanacion.com.ar/2182663-empresas-colectivos-deberan-contratar-mujeres-alcanzar-cupo,Lavite,,Sociedad,Empresas de colectivos deber√°n contratar mujeres hasta alcanzar el cupo del 30%,0.54240024,0.4251348,97,84
50045,True,11:31 19/10/2018,,698,1.0,@scas8818 Y la hermana y las ex tambien estan locas? ,https://www.lanacion.com.ar/2182594-ojala-te-pudras-infierno-mensaje-madre-hijo,lucrecii,,El Mundo,"""Ojal√° te pudras en el infierno"": el mensaje de una madre a su hijo muerto que revel√≥ un pasado oscuro",0.31176758,0.3727785,53,43
34527,True,20:03 09/10/2018,2.0,473,1.0,"@sf2000 Porque la mitad de los deudos olfate√≥ dinero. Luego que tres potencias -compitiendo- no lo encontraron. Se instalaron en una base naval y empezaron a ""Clamar"". Siempre, exigiendo alternativas caras y rid√≠culas (Hasta llevar a una vidente), dejando abierta la posibilidad de darles la plata a ellos; que es m√°s f√°cil que seguir buscando.
La otra mitad de los deudos, es Gente Decente y asumi√≥ su dolor, sin perder las esperanzas.",https://www.lanacion.com.ar/2180125-ara-san-juan-sin-nuevos-puntos-investigar,Trigono,Jos√© Mar√≠a Costa,Pol√≠tica,"ARA San Juan: sin nuevos puntos para investigar, buscan al submarino en una zona m√°s profunda",0.42650583,0.3680321,439,369
403,False,10:29 25/09/2018,1.0,21,2.0,"Parece George Bush, que no paraba de tirar frases rid√≠culas.",https://www.lanacion.com.ar/2175272-mauricio-macri-lagarde-cena-gala-wall-street,tuvi7868,Rafael Mathus Ruiz,Pol√≠tica,Mauricio Macri salud√≥ a Trump y cen√≥ junto Lagarde en su gran agasajo en Wall Street,0.26668105,0.32094315,60,51
40999,True,16:44 12/10/2018,1.0,563,0.0,@Dreamwever Sabe querido. Muchas de las crisis econ√≥micas de hoy tienen su origen en los perdones y las vistas gordas de muchos a√±os. Tengo 75 a√±os de vida honorable y quiero justicia y por lo tanto penas para los que eligieron otro tipo de vida y no fueron honorables.  La vejez y la muerte no dignifican,https://www.lanacion.com.ar/2181169-sobresueldos-casacion-confirmo-condena-cuatro-anos-medio,pikybayres,Paz Rodr√≠guez Niell,Pol√≠tica,Sobresueldos: Casaci√≥n confirm√≥ la condena de cuatro a√±os y medio de prisi√≥n contra Carlos Menem,0.40019208,0.29669014,305,249
328,False,22:54 24/09/2018,1.0,14,0.0,La jaula de las locas ...,https://www.lanacion.com.ar/2175196-la-familia-real-britanica-da-otro-paso,riccastel,,El Mundo,La familia real brit√°nica da otro paso hacia el siglo XXI: celebr√≥ su primera boda gay,0.113532215,0.23934499999999997,25,20
23517,True,22:22 04/10/2018,2.0,328,0.0,El show lo hicieron las otras dos locas que filmaron!!!dale! Eran carmelitas del convento de lopez!,https://www.lanacion.com.ar/2178578-hablo-mujer-agredio-jovenes-venezolanas-las-canitas,ana_mato,,Sociedad,Habl√≥ la mujer que agredi√≥ a las j√≥venes venezolanas en Las Ca√±itas,0.0830932,0.17234726,99,84
620,False,06:48 25/09/2018,5.0,21,9.0,"Sres Foristas:  N√©stor kirchner tom√≥ plata prestada de Venezuela A MAYOR INTER√âS y le pag√≥ al FMI, PARA SACARSE DE ENCIMA LAS AUDITOR√çAS Y HACER CON NUESTRO DINERO LO QUE SE LE ANTOJARA. Nos la vendi√≥ como que est√°bamos ‚Äúdesendeud√°ndonos‚Äù.Y fue otra de sus mentiras.  De esta manera dilapid√≥ nuestro dinero en la industria de los derechos humanos con suculentas indemnizaciones, estatizaciones rid√≠culas para adjudicar contratos a sus testaferros (AYSA) y cuanta aventura econ√≥mica se le ocurri√≥ (REPSOL-YPF). ",https://www.lanacion.com.ar/2175272-mauricio-macri-lagarde-cena-gala-wall-street,sacapunta,Rafael Mathus Ruiz,Pol√≠tica,Mauricio Macri salud√≥ a Trump y cen√≥ junto Lagarde en su gran agasajo en Wall Street,,,510,430
621,False,06:48 25/09/2018,5.0,21,9.0,"Sres Foristas:  N√©stor kirchner tom√≥ plata prestada de Venezuela A MAYOR INTER√âS y le pag√≥ al FMI, PARA SACARSE DE ENCIMA LAS AUDITOR√çAS Y HACER CON NUESTRO DINERO LO QUE SE LE ANTOJARA. Nos la vendi√≥ como que est√°bamos ‚Äúdesendeud√°ndonos‚Äù.Y fue otra de sus mentiras.  De esta manera dilapid√≥ nuestro dinero en la industria de los derechos humanos con suculentas indemnizaciones, estatizaciones rid√≠culas para adjudicar contratos a sus testaferros (AYSA) y cuanta aventura econ√≥mica se le ocurri√≥ (REPSOL-YPF). ",https://www.lanacion.com.ar/2175272-mauricio-macri-lagarde-cena-gala-wall-street,sacapunta,Rafael Mathus Ruiz,Pol√≠tica,Mauricio Macri salud√≥ a Trump y cen√≥ junto Lagarde en su gran agasajo en Wall Street,,,510,430
622,False,06:48 25/09/2018,5.0,21,9.0,"Sres Foristas:  N√©stor kirchner tom√≥ plata prestada de Venezuela A MAYOR INTER√âS y le pag√≥ al FMI, PARA SACARSE DE ENCIMA LAS AUDITOR√çAS Y HACER CON NUESTRO DINERO LO QUE SE LE ANTOJARA. Nos la vendi√≥ como que est√°bamos ‚Äúdesendeud√°ndonos‚Äù.Y fue otra de sus mentiras.  De esta manera dilapid√≥ nuestro dinero en la industria de los derechos humanos con suculentas indemnizaciones, estatizaciones rid√≠culas para adjudicar contratos a sus testaferros (AYSA) y cuanta aventura econ√≥mica se le ocurri√≥ (REPSOL-YPF). ",https://www.lanacion.com.ar/2175272-mauricio-macri-lagarde-cena-gala-wall-street,sacapunta,Rafael Mathus Ruiz,Pol√≠tica,Mauricio Macri salud√≥ a Trump y cen√≥ junto Lagarde en su gran agasajo en Wall Street,,,510,430
9033,False,22:55 28/09/2018,2.0,142,0.0,"Estos delincuentes se est√°n dando cuenta que no vuelven m√°s, van a estar como locas un buen tiempo",https://www.lanacion.com.ar/2176637-mauricio-macri-critico-agresiones-recibio-pareja-visito,cocoom60,,Pol√≠tica,Mauricio Macri critic√≥ las agresiones que recibi√≥ una pareja a la que visit√≥ en Machwitz,,,98,81
10771,False,17:45 29/09/2018,12.0,168,0.0,"Grandinettu, Amarguetti, como casi todos los actores K, gente resentida al dope a pesar de sue trabajo no les falta.",https://www.lanacion.com.ar/2176916-festival-san-sebastian-2018-gran-presencia-argentina,pibepaz,,Espect√°culos,Festival de San Sebasti√°n 2018: la pel√≠cula argentina Rojo se llev√≥ tres galardones,,,116,97
14429,False,04:35 30/09/2018,2.0,210,1.0,Que fea la abortera Fulopppppppppppppp,https://www.lanacion.com.ar/2177053-a-todas-nos-puede-pasar-famosas-posaron,Esteban_P,,Sociedad,"""A todas nos puede pasar"": famosas posaron en una campa√±a contra el c√°ncer de mama",,,38,34
18365,False,21:23 02/10/2018,5.0,247,0.0,"LNOL y su OPERACI√ìN DE PRENSA DIARIA A FAVOR DE GAYS, LESBIANAS Y ABORTERAS.
¬ø Qui√©n es este RARI #,,, TO ?",https://www.lanacion.com.ar/2177787-ivan-jablonka-la-violencia-machista-va-terminar,BorgesAlvarez,Mar√≠a Ayzaguer,Econom√≠a,"Ivan Jablonka: ""La violencia machista va a terminar cuando los hombres se hagan feministas""",,,110,90
18747,True,23:47 02/10/2018,2.0,261,0.0,ni creo q contrate gordas cumbieras,https://www.lanacion.com.ar/2177813-la-justicia-inhibio-bienes-andrea-del-boca,Parfait,,Pol√≠tica,La Justicia inhibi√≥ los bienes de Andrea del Boca y Julio De Vido por la novela Mam√° Coraz√≥n,,,35,30
19638,False,18:38 03/10/2018,8.0,280,0.0,Se la pasando vendiendo feminazismo los medios que nos vendieron a los pol√≠ticos ladrones que tuvimos y tenemos. Basta de escuchar y votar lo que nos dicen estas ratas,https://www.lanacion.com.ar/2178060-yacon-quecha-potatoes-historia-magui-choque-vilca,gperez43,Sof√≠a Terrile,Econom√≠a,"Yac√≥n y ""quecha potatoes"": la historia de Magui Choque Vilca, la reina de los papines andinos",,,167,139
21165,False,20:10 03/10/2018,7.0,294,0.0,Lo que est√° clar√≠simo es que los laboratorios nos garchiaban a todos los ciudadanos estafando al estado y enriqueciendo al pol√≠tico de turno a trav√©s del PAMI. Y ahora que tienen que producir a costos competitivos y sin curro est√°n como locas ...,https://www.lanacion.com.ar/2178122-pami-se-agudiza-pulseada-laboratorios-compra-medicamentos,Bullenbeisser,Santiago Dapelo,Pol√≠tica,PAMI: se agudiza la pulseada con los laboratorios por la compra de medicamentos,,,246,204
21961,False,23:07 04/10/2018,6.0,325,0.0,"Pistolero camuflado de empresario, medi√†tico en las tinieblas, poco claro. Pero para el mundo femenino, √®stos farabutes mostradores de billeteras gordas de dudoso origen, son im√†n del poder sugestionando las cabecitas huecas. Bueno, como dice el proverbio porte√±o actual ""es lo que hay""!!!",https://www.lanacion.com.ar/2178504-corcho-rodriguez-reconocio-haber-cobrado-u35-millones,cirulaxia10,Iv√°n Ruiz,Pol√≠tica,"""Corcho"" Rodr√≠guez reconoci√≥ haber cobrado US$3,5 millones de Odebrecht",,,289,247
24881,False,21:21 06/10/2018,,362,0.0,Las tangueras tiene corte de pelo abortera.. Es un choma... El tango no se mancha... Adefecios. Juaaaa Juaaaa üòÇ,https://www.lanacion.com.ar/2179229-juegos-olimpicos-juventud-ceremonia-inaugural-fotos,torno10,Fernando Vergara,Deportes,Juegos Ol√≠mpicos de la Juventud: as√≠ se vivi√≥ la ceremonia inaugural en pleno centro porte√±o,,,111,93
26953,False,23:10 06/10/2018,2.0,383,2.0,"Este timbreo de heidi, acompa√±ada en esta ocasi√≥n por lospegato, la f 0 r r @ abortera y llorona del pa√±uelito verde, ha tenido un efecto milagroso aniquilando la crisis, reduciendo la inflaci√≥n y el desempleo y acabando con la inseguridad.",https://www.lanacion.com.ar/2179185-maria-eugenia-vidal-encabezo-nuevo-timbreo-cambiemos,bigrichard00,,Pol√≠tica,Mar√≠a Eugenia Vidal encabez√≥ un nuevo timbreo de Cambiemos en territorio bonaerense,,,240,200
31336,False,17:13 08/10/2018,3.0,435,3.0,"Alguien tiene que poner cordura y ubicaci√≥n.. Basta de forzar privilegios para minor√≠as.. abortistas gays
y lesbianas ... El matrimonio igualitario es ANTI NATURA...!!!",https://www.lanacion.com.ar/2179671-rumania-referendum-matrimonio-igualitario-gay-constitucion-prohibicion,torno10,,El Mundo,Rumania: pol√©mica por un refer√©ndum que quiere prohibir el matrimonio igualitario,,,171,149
45800,False,21:44 15/10/2018,4.0,650,0.0,"Sres Foristas:  N√©stor kirchner tom√≥ plata prestada de Venezuela A MAYOR INTER√âS y le pag√≥ al FMI, PARA SACARSE DE ENCIMA LAS AUDITOR√çAS Y HACER CON NUESTRO DINERO LO QUE SE LE ANTOJARA. Nos la vendi√≥ como que est√°bamos ‚Äúdesendeud√°ndonos‚Äù.Y fue otra de sus mentiras.  De esta manera dilapid√≥ nuestro dinero en la industria de los derechos humanos con suculentas indemnizaciones, estatizaciones rid√≠culas para adjudicar contratos a sus testaferros (AYSA) y cuanta aventura econ√≥mica se le ocurri√≥ (REPSOL-YPF). ",https://www.lanacion.com.ar/2181926-sergio-massa-washington-entre-fondo-argentinos-elijo,sacapunta,Rafael Mathus Ruiz,Pol√≠tica,"Sergio Massa en Washington: ""Entre el Fondo y los argentinos, elijo a los argentinos""",,,510,430
45801,False,21:44 15/10/2018,4.0,650,0.0,"Sres Foristas:  N√©stor kirchner tom√≥ plata prestada de Venezuela A MAYOR INTER√âS y le pag√≥ al FMI, PARA SACARSE DE ENCIMA LAS AUDITOR√çAS Y HACER CON NUESTRO DINERO LO QUE SE LE ANTOJARA. Nos la vendi√≥ como que est√°bamos ‚Äúdesendeud√°ndonos‚Äù.Y fue otra de sus mentiras.  De esta manera dilapid√≥ nuestro dinero en la industria de los derechos humanos con suculentas indemnizaciones, estatizaciones rid√≠culas para adjudicar contratos a sus testaferros (AYSA) y cuanta aventura econ√≥mica se le ocurri√≥ (REPSOL-YPF). ",https://www.lanacion.com.ar/2181926-sergio-massa-washington-entre-fondo-argentinos-elijo,sacapunta,Rafael Mathus Ruiz,Pol√≠tica,"Sergio Massa en Washington: ""Entre el Fondo y los argentinos, elijo a los argentinos""",,,510,430
45802,False,21:44 15/10/2018,4.0,650,0.0,"Sres Foristas:  N√©stor kirchner tom√≥ plata prestada de Venezuela A MAYOR INTER√âS y le pag√≥ al FMI, PARA SACARSE DE ENCIMA LAS AUDITOR√çAS Y HACER CON NUESTRO DINERO LO QUE SE LE ANTOJARA. Nos la vendi√≥ como que est√°bamos ‚Äúdesendeud√°ndonos‚Äù.Y fue otra de sus mentiras.  De esta manera dilapid√≥ nuestro dinero en la industria de los derechos humanos con suculentas indemnizaciones, estatizaciones rid√≠culas para adjudicar contratos a sus testaferros (AYSA) y cuanta aventura econ√≥mica se le ocurri√≥ (REPSOL-YPF). ",https://www.lanacion.com.ar/2181926-sergio-massa-washington-entre-fondo-argentinos-elijo,sacapunta,Rafael Mathus Ruiz,Pol√≠tica,"Sergio Massa en Washington: ""Entre el Fondo y los argentinos, elijo a los argentinos""",,,510,430
52725,False,21:12 18/10/2018,,727,0.0,A las gordas le bajo la regla mientran nadaban,https://www.lanacion.com.ar/2183022-la-marea-roja-avanza-florida-llego-cayos,john0918,,El Mundo,La marea roja avanza en Florida: lleg√≥ a los cayos y Miami-Dade,,,46,38
59350,True,15:24 20/10/2018,,799,0.0,"@spcristal @mbetuska @minino quiero 10.000 locas como ella,para que la Argentina  mejore ",https://www.lanacion.com.ar/2183641-los-cuadernos-coimas-bonadio-pidio-detencion-inmediata,hibiar,,Pol√≠tica,Los cuadernos de las coimas: Bonadio orden√≥ la detenci√≥n inmediata de la viuda de Daniel Mu√±oz,,,89,76
59432,False,23:14 20/10/2018,3.0,800,3.0,"Sres Foristas:  N√©stor kirchner tom√≥ plata prestada de Venezuela A MAYOR INTER√âS y le pag√≥ al FMI, PARA SACARSE DE ENCIMA LAS AUDITOR√çAS Y HACER CON NUESTRO DINERO LO QUE SE LE ANTOJARA. Nos la vendi√≥ como que est√°bamos ‚Äúdesendeud√°ndonos‚Äù.Y fue otra de sus mentiras.  De esta manera dilapid√≥ nuestro dinero en la industria de los derechos humanos con suculentas indemnizaciones, estatizaciones rid√≠culas para adjudicar contratos a sus testaferros (AYSA) y cuanta aventura econ√≥mica se le ocurri√≥ (REPSOL-YPF). ",https://www.lanacion.com.ar/2183633-los-politicos-sindicalistas-participaron-del-acto-moyano,sacapunta,,Pol√≠tica,Los pol√≠ticos y sindicalistas que participaron del acto de Moyano en Luj√°n,,,510,430
59433,False,23:14 20/10/2018,3.0,800,3.0,"Sres Foristas:  N√©stor kirchner tom√≥ plata prestada de Venezuela A MAYOR INTER√âS y le pag√≥ al FMI, PARA SACARSE DE ENCIMA LAS AUDITOR√çAS Y HACER CON NUESTRO DINERO LO QUE SE LE ANTOJARA. Nos la vendi√≥ como que est√°bamos ‚Äúdesendeud√°ndonos‚Äù.Y fue otra de sus mentiras.  De esta manera dilapid√≥ nuestro dinero en la industria de los derechos humanos con suculentas indemnizaciones, estatizaciones rid√≠culas para adjudicar contratos a sus testaferros (AYSA) y cuanta aventura econ√≥mica se le ocurri√≥ (REPSOL-YPF). ",https://www.lanacion.com.ar/2183633-los-politicos-sindicalistas-participaron-del-acto-moyano,sacapunta,,Pol√≠tica,Los pol√≠ticos y sindicalistas que participaron del acto de Moyano en Luj√°n,,,510,430
59434,False,23:14 20/10/2018,3.0,800,3.0,"Sres Foristas:  N√©stor kirchner tom√≥ plata prestada de Venezuela A MAYOR INTER√âS y le pag√≥ al FMI, PARA SACARSE DE ENCIMA LAS AUDITOR√çAS Y HACER CON NUESTRO DINERO LO QUE SE LE ANTOJARA. Nos la vendi√≥ como que est√°bamos ‚Äúdesendeud√°ndonos‚Äù.Y fue otra de sus mentiras.  De esta manera dilapid√≥ nuestro dinero en la industria de los derechos humanos con suculentas indemnizaciones, estatizaciones rid√≠culas para adjudicar contratos a sus testaferros (AYSA) y cuanta aventura econ√≥mica se le ocurri√≥ (REPSOL-YPF). ",https://www.lanacion.com.ar/2183633-los-politicos-sindicalistas-participaron-del-acto-moyano,sacapunta,,Pol√≠tica,Los pol√≠ticos y sindicalistas que participaron del acto de Moyano en Luj√°n,,,510,430
62672,False,23:05 22/10/2018,,860,2.0,"estan como locas las trolls de pe√±a jajaja

usen mas mayusculas porque no juntan ni medio voto ",https://www.lanacion.com.ar/2184213-en-vaticano-prefirieron-silencio-pero-admiten-papa,volx,Elisabetta Piqu√©,Pol√≠tica,"En el Vaticano prefirieron el silencio pero admiten que el Papa est√° ""informado""",,,101,85
